gene_id,gene_name,isoform_id,isoform_switch_q_value,gene_switch_q_value,dIF,consequences
ENSG00000087884,AAMDC,ENSG00000087884_iso1,0.043847855,0.003961227,0.108252605,Domain_gain;NMD_affected
ENSG00000075239,ACAT1,ENSG00000075239_iso1,0.022481681,0.044854095,0.273426177,Domain_loss;Domain_gain
ENSG00000120437,ACAT2,ENSG00000120437_iso1,0.045806792,0.092146471,0.741098448,signal_peptide_affected
ENSG00000143727,ACP1,ENSG00000143727_iso1,0.048497756,0.020031335,0.467518596,signal_peptide_affected;ORF_shortening
ENSG00000075624,ACTB,ENSG00000075624_iso1,0.047152193,0.060026746,0.446604908,signal_peptide_affected
ENSG00000184009,ACTG1,ENSG00000184009_iso1,0.033299669,0.026316154,0.368356721,transmembrane_affected;signal_peptide_affected
ENSG00000291420,ACTG1,ENSG00000291420_iso1,0.03806643,0.022710953,0.710698699,ORF_shortening;transmembrane_affected;Domain_gain
ENSG00000139567,ACVRL1,ENSG00000139567_iso1,0.029737441,0.021312173,0.601772501,ORF_shortening
ENSG00000119640,ACYP1,ENSG00000119640_iso1,0.040866126,0.071851466,0.402920028,Domain_gain;NMD_affected;transmembrane_affected
ENSG00000100591,AHSA1,ENSG00000100591_iso1,0.039243133,0.084175439,0.217198684,Domain_gain;signal_peptide_affected
ENSG00000106305,AIMP2,ENSG00000106305_iso1,0.000418733,0.07984375,0.67305928,ORF_lengthening;ORF_shortening
ENSG00000106992,AK1,ENSG00000106992_iso1,0.045132852,0.015237449,0.131151936,transmembrane_affected;Domain_gain
ENSG00000004455,AK2,ENSG00000004455_iso1,0.00235722,0.02156689,0.480684062,Domain_gain;transmembrane_affected
ENSG00000085231,AK6,ENSG00000085231_iso1,0.007296137,0.053273924,0.304751755,NMD_affected
ENSG00000279247,AK6,ENSG00000279247_iso1,0.024845934,0.099537686,0.637725518,ORF_shortening
ENSG00000149925,ALDOA,ENSG00000149925_iso1,0.047731588,0.084598749,0.766542618,ORF_shortening;transmembrane_affected
ENSG00000253710,ALG11,ENSG00000253710_iso1,0.027888296,0.045901838,0.101193837,transmembrane_affected
ENSG00000141552,ANAPC11,ENSG00000141552_iso1,0.03046154,0.057755406,0.74217351,Domain_gain
ENSG00000110200,ANAPC15,ENSG00000110200_iso1,0.04216803,0.09498137,0.380049935,ORF_lengthening;NMD_affected
ENSG00000166295,ANAPC16,ENSG00000166295_iso1,0.022975731,0.015958448,0.653509426,Domain_loss;ORF_lengthening;Domain_gain
ENSG00000135046,ANXA1,ENSG00000135046_iso1,0.02044169,0.096819678,0.104020572,Domain_gain;signal_peptide_affected
ENSG00000182718,ANXA2,ENSG00000182718_iso1,0.001504179,0.026628004,0.446921991,NMD_affected;transmembrane_affected;Domain_loss
ENSG00000164111,ANXA5,ENSG00000164111_iso1,0.026453236,0.084987273,0.363391885,Domain_gain;Domain_loss
ENSG00000100823,APEX1,ENSG00000100823_iso1,0.019073417,0.095985185,0.350300867,signal_peptide_affected
ENSG00000198931,APRT,ENSG00000198931_iso1,0.043651159,0.021686301,0.732816493,transmembrane_affected;NMD_affected;signal_peptide_affected
ENSG00000168374,ARF4,ENSG00000168374_iso1,0.006230463,0.082835331,0.54416343,transmembrane_affected
ENSG00000213465,ARL2,ENSG00000213465_iso1,0.002721894,0.064650768,0.732996837,ORF_lengthening
ENSG00000182196,ARL6IP4,ENSG00000182196_iso1,0.007479509,0.055684501,0.646935118,ORF_lengthening;NMD_affected
ENSG00000198960,ARMCX6,ENSG00000198960_iso1,0.010980637,0.080326715,0.124879643,ORF_lengthening;NMD_affected;ORF_shortening
ENSG00000163466,ARPC2,ENSG00000163466_iso1,0.023212505,0.064398016,0.71771492,NMD_affected;transmembrane_affected;Domain_gain
ENSG00000111229,ARPC3,ENSG00000111229_iso1,0.027484568,0.042923219,0.744049016,signal_peptide_affected
ENSG00000162704,ARPC5,ENSG00000162704_iso1,0.011589489,0.077173044,0.486051107,NMD_affected
ENSG00000138381,ASNSD1,ENSG00000138381_iso1,0.031109441,0.026887459,0.627031321,transmembrane_affected;signal_peptide_affected
ENSG00000145782,ATG12,ENSG00000145782_iso1,0.037973953,0.066161159,0.109973761,Domain_gain
ENSG00000177556,ATOX1,ENSG00000177556_iso1,0.02895168,0.06365236,0.221253888,Domain_gain;transmembrane_affected
ENSG00000152234,ATP5F1A,ENSG00000152234_iso1,0.000926151,0.042891082,0.497495992,Domain_loss;ORF_shortening;signal_peptide_affected
ENSG00000110955,ATP5F1B,ENSG00000110955_iso1,0.031993995,0.011300083,0.178263817,ORF_shortening;signal_peptide_affected
ENSG00000165629,ATP5F1C,ENSG00000165629_iso1,0.009675476,0.04572029,0.531580317,NMD_affected
ENSG00000285390,ATP5IF1,ENSG00000285390_iso1,0.024436608,0.002744632,0.258063943,Domain_gain
ENSG00000130770,ATP5IF1,ENSG00000130770_iso1,0.014263715,0.042822764,0.222810073,signal_peptide_affected;Domain_gain;Domain_loss
ENSG00000159199,ATP5MC1,ENSG00000159199_iso1,0.018499958,0.025156797,0.282947361,transmembrane_affected;signal_peptide_affected
ENSG00000135390,ATP5MC2,ENSG00000135390_iso1,0.046207814,0.010805318,0.228616963,ORF_lengthening;Domain_gain
ENSG00000169020,ATP5ME,ENSG00000169020_iso1,0.040366116,0.067725685,0.663625085,ORF_lengthening;Domain_gain
ENSG00000241468,ATP5MF,ENSG00000241468_iso1,0.026912729,0.068424454,0.262819277,transmembrane_affected
ENSG00000167283,ATP5MG,ENSG00000167283_iso1,0.005578546,0.073800828,0.335567303,ORF_shortening;NMD_affected
ENSG00000156411,ATP5MJ,ENSG00000156411_iso1,0.028121226,0.038363926,0.114224432,ORF_lengthening;transmembrane_affected
ENSG00000116459,ATP5PB,ENSG00000116459_iso1,0.040054799,0.087161434,0.106413458,signal_peptide_affected;ORF_shortening;NMD_affected
ENSG00000167863,ATP5PD,ENSG00000167863_iso1,0.011854983,0.016919584,0.181263437,Domain_gain
ENSG00000154723,ATP5PF,ENSG00000154723_iso1,0.011800001,0.067012365,0.597369608,Domain_loss;ORF_shortening;ORF_lengthening
ENSG00000241837,ATP5PO,ENSG00000241837_iso1,0.04218827,0.067633771,0.709999192,Domain_loss;signal_peptide_affected
ENSG00000117410,ATP6V0B,ENSG00000117410_iso1,0.009808472,0.054204168,0.631855213,ORF_shortening
ENSG00000113732,ATP6V0E1,ENSG00000113732_iso1,0.008765267,0.053479009,0.498777335,NMD_affected;Domain_loss
ENSG00000128524,ATP6V1F,ENSG00000128524_iso1,0.002508438,0.084210302,0.292909666,Domain_loss;Domain_gain;NMD_affected
ENSG00000136888,ATP6V1G1,ENSG00000136888_iso1,0.048400469,0.091635781,0.404805328,ORF_lengthening;signal_peptide_affected;Domain_loss
ENSG00000138085,ATRAID,ENSG00000138085_iso1,0.011315925,0.051465093,0.79834865,transmembrane_affected;ORF_shortening;Domain_loss
ENSG00000273686,B2M,ENSG00000273686_iso1,0.04161033,0.051342209,0.447839962,ORF_shortening
ENSG00000166710,B2M,ENSG00000166710_iso1,0.002582154,0.034890723,0.581501961,transmembrane_affected;Domain_gain
ENSG00000258315,BACC1,ENSG00000258315_iso1,0.033657821,0.034193755,0.34183913,transmembrane_affected
ENSG00000175334,BANF1,ENSG00000175334_iso1,0.045259225,0.079519321,0.777019678,ORF_shortening;transmembrane_affected
ENSG00000185825,BCAP31,ENSG00000185825_iso1,0.004257017,0.073618337,0.377180918,ORF_shortening
ENSG00000166681,BEX3,ENSG00000166681_iso1,0.019760887,0.058771788,0.131305775,ORF_lengthening
ENSG00000089685,BIRC5,ENSG00000089685_iso1,0.005835452,0.09325746,0.390472618,Domain_loss
ENSG00000135441,BLOC1S1,ENSG00000135441_iso1,0.00756869,0.004053376,0.220389243,signal_peptide_affected
ENSG00000196072,BLOC1S2,ENSG00000196072_iso1,0.029998736,0.095194675,0.78045969,NMD_affected;ORF_shortening;transmembrane_affected
ENSG00000104164,BLOC1S6,ENSG00000104164_iso1,0.040238988,0.095580268,0.639199049,transmembrane_affected;NMD_affected;ORF_lengthening
ENSG00000090013,BLVRB,ENSG00000090013_iso1,0.048353412,0.077389541,0.391660307,ORF_lengthening;Domain_gain;signal_peptide_affected
ENSG00000183336,BOLA2,ENSG00000183336_iso1,0.025897951,0.080093142,0.577450789,ORF_lengthening;Domain_loss
ENSG00000169627,BOLA2B,ENSG00000169627_iso1,0.003522242,0.078535133,0.327868679,NMD_affected;Domain_gain;transmembrane_affected
ENSG00000261740,BOLA2-SMG1P6,ENSG00000261740_iso1,0.046269424,0.020818357,0.195035896,ORF_lengthening;NMD_affected;Domain_gain
ENSG00000163170,BOLA3,ENSG00000163170_iso1,0.014247211,0.061158645,0.770847554,transmembrane_affected;ORF_shortening;NMD_affected
ENSG00000145741,BTF3,ENSG00000145741_iso1,0.004110008,0.091498242,0.300237405,transmembrane_affected
ENSG00000134717,BTF3L4,ENSG00000134717_iso1,0.007283349,0.014845016,0.111387689,ORF_lengthening;transmembrane_affected
ENSG00000106245,BUD31,ENSG00000106245_iso1,0.049249452,0.022957476,0.532998172,NMD_affected;Domain_loss
ENSG00000110696,C11orf58,ENSG00000110696_iso1,0.017668739,0.077924029,0.190126472,signal_peptide_affected
ENSG00000111678,C12orf57,ENSG00000111678_iso1,0.017451109,0.050289344,0.616522699,ORF_lengthening;transmembrane_affected;Domain_gain
ENSG00000104979,C19orf53,ENSG00000104979_iso1,0.036666353,0.064836427,0.419134369,Domain_gain;ORF_shortening
ENSG00000118292,C1orf54,ENSG00000118292_iso1,0.007364068,0.085009298,0.17824747,Domain_loss;signal_peptide_affected
ENSG00000116161,CACYBP,ENSG00000116161_iso1,0.039920416,0.037106321,0.580880812,NMD_affected
ENSG00000064989,CALCRL,ENSG00000064989_iso1,0.025687716,0.003574231,0.672919313,Domain_loss;ORF_lengthening
ENSG00000122786,CALD1,ENSG00000122786_iso1,0.015124413,0.006019748,0.762560745,NMD_affected
ENSG00000198668,CALM1,ENSG00000198668_iso1,0.034379855,0.098157883,0.455569449,ORF_shortening;Domain_loss;Domain_gain
ENSG00000143933,CALM2,ENSG00000143933_iso1,0.024598958,0.057016939,0.10505699,transmembrane_affected;NMD_affected
ENSG00000160014,CALM3,ENSG00000160014_iso1,0.006021299,0.029594453,0.29152232,Domain_gain
ENSG00000179218,CALR,ENSG00000179218_iso1,0.021751508,0.019758376,0.241751248,Domain_loss;ORF_lengthening;ORF_shortening
ENSG00000171735,CAMTA1,ENSG00000171735_iso1,0.047452698,0.092843635,0.690585113,ORF_shortening;transmembrane_affected;Domain_loss
ENSG00000116489,CAPZA1,ENSG00000116489_iso1,0.028938901,0.064338006,0.332012575,Domain_loss;ORF_shortening
ENSG00000077549,CAPZB,ENSG00000077549_iso1,0.004692813,0.010784845,0.220976617,signal_peptide_affected
ENSG00000105483,CARD8,ENSG00000105483_iso1,0.01623207,0.073512066,0.109514269,NMD_affected;ORF_shortening
ENSG00000153048,CARHSP1,ENSG00000153048_iso1,0.009136901,0.012330065,0.436594741,transmembrane_affected
ENSG00000105974,CAV1,ENSG00000105974_iso1,0.037982628,0.074512481,0.517535594,signal_peptide_affected;ORF_shortening;Domain_loss
ENSG00000122565,CBX3,ENSG00000122565_iso1,0.015472791,0.096870054,0.384883632,ORF_shortening;Domain_loss;NMD_affected
ENSG00000160799,CCDC12,ENSG00000160799_iso1,0.031711802,0.04418475,0.19082166,Domain_loss;Domain_gain
ENSG00000137500,CCDC90B,ENSG00000137500_iso1,0.00523201,0.09785885,0.372643247,NMD_affected;transmembrane_affected;Domain_gain
ENSG00000282521,CCL15-CCL14,ENSG00000282521_iso1,0.00046321,0.023360028,0.300723454,Domain_loss;Domain_gain;ORF_lengthening
ENSG00000275688,CCL15-CCL14,ENSG00000275688_iso1,0.048624427,0.013819578,0.4982531,NMD_affected;signal_peptide_affected
ENSG00000108691,CCL2,ENSG00000108691_iso1,0.001546239,0.052190223,0.634006691,signal_peptide_affected;transmembrane_affected;NMD_affected
ENSG00000112237,CCNC,ENSG00000112237_iso1,0.047218125,0.052561433,0.650139255,Domain_gain;transmembrane_affected;ORF_shortening
ENSG00000134480,CCNH,ENSG00000134480_iso1,0.044303398,0.048527956,0.536220927,ORF_shortening;signal_peptide_affected
ENSG00000150753,CCT5,ENSG00000150753_iso1,0.017095515,0.022427417,0.582485014,Domain_loss;ORF_shortening;NMD_affected
ENSG00000177697,CD151,ENSG00000177697_iso1,0.004161464,0.039051707,0.690678649,NMD_affected
ENSG00000085063,CD59,ENSG00000085063_iso1,0.012610795,0.045996541,0.139420319,transmembrane_affected;Domain_gain;ORF_lengthening
ENSG00000135404,CD63,ENSG00000135404_iso1,0.048102441,0.033162412,0.762301709,Domain_loss
ENSG00000010278,CD9,ENSG00000010278_iso1,0.04379642,0.053268045,0.628497556,transmembrane_affected;Domain_gain
ENSG00000070831,CDC42,ENSG00000070831_iso1,0.042791887,0.087887814,0.149710201,ORF_shortening;Domain_loss
ENSG00000170312,CDK1,ENSG00000170312_iso1,0.04942319,0.010339437,0.715822457,NMD_affected;signal_peptide_affected
ENSG00000111328,CDK2AP1,ENSG00000111328_iso1,0.040458235,0.092023658,0.748628859,ORF_lengthening;Domain_loss
ENSG00000100526,CDKN3,ENSG00000100526_iso1,0.017722871,0.020775025,0.651855053,signal_peptide_affected;ORF_shortening;Domain_loss
ENSG00000291964,CENPN,ENSG00000291964_iso1,0.011887427,0.033660386,0.4179729,ORF_shortening;Domain_gain
ENSG00000166451,CENPN,ENSG00000166451_iso1,0.011948097,0.027412171,0.206973132,ORF_lengthening
ENSG00000203760,CENPW,ENSG00000203760_iso1,0.022508249,0.075418743,0.37287983,ORF_lengthening;transmembrane_affected;signal_peptide_affected
ENSG00000169689,CENPX,ENSG00000169689_iso1,0.026169159,0.066623603,0.543790708,ORF_shortening;Domain_loss
ENSG00000153774,CFDP1,ENSG00000153774_iso1,0.029721843,0.070975961,0.581252089,ORF_lengthening
ENSG00000172757,CFL1,ENSG00000172757_iso1,0.010473429,0.091799323,0.658788335,transmembrane_affected;ORF_shortening
ENSG00000170791,CHCHD7,ENSG00000170791_iso1,0.012129495,0.026007381,0.486507615,Domain_loss;ORF_shortening;ORF_lengthening
ENSG00000130724,CHMP2A,ENSG00000130724_iso1,0.04649017,0.062657047,0.472393519,ORF_shortening;Domain_loss;signal_peptide_affected
ENSG00000115561,CHMP3,ENSG00000115561_iso1,0.029719361,0.016075844,0.187525461,ORF_shortening;Domain_loss
ENSG00000086065,CHMP5,ENSG00000086065_iso1,0.028152514,0.001315828,0.283967782,Domain_loss
ENSG00000166797,CIAO2A,ENSG00000166797_iso1,0.049868003,0.06680015,0.447697824,Domain_loss
ENSG00000166595,CIAO2B,ENSG00000166595_iso1,0.014682618,0.047430161,0.568540767,ORF_lengthening;NMD_affected;signal_peptide_affected
ENSG00000185043,CIB1,ENSG00000185043_iso1,0.04727908,0.026690407,0.317787276,NMD_affected;ORF_lengthening;signal_peptide_affected
ENSG00000122873,CISD1,ENSG00000122873_iso1,0.007826714,0.084755089,0.299608169,transmembrane_affected
ENSG00000145354,CISD2,ENSG00000145354_iso1,0.045085833,0.036098581,0.54027518,Domain_loss;signal_peptide_affected
ENSG00000217555,CKLF,ENSG00000217555_iso1,0.044009702,0.09816057,0.674825452,transmembrane_affected;NMD_affected;Domain_loss
ENSG00000173207,CKS1B,ENSG00000173207_iso1,0.026205583,0.020764585,0.288270453,transmembrane_affected;ORF_shortening;Domain_loss
ENSG00000184113,CLDN5,ENSG00000184113_iso1,0.006771996,0.029892745,0.750868965,transmembrane_affected
ENSG00000110852,CLEC2B,ENSG00000110852_iso1,0.032893549,0.062137359,0.185110991,ORF_shortening;Domain_gain
ENSG00000226248,CLIC1,ENSG00000226248_iso1,0.038460214,0.077753518,0.336196824,NMD_affected
ENSG00000226417,CLIC1,ENSG00000226417_iso1,0.021481347,0.08852489,0.427475434,signal_peptide_affected;ORF_shortening;Domain_gain
ENSG00000223639,CLIC1,ENSG00000223639_iso1,0.020232839,0.080753212,0.789885247,signal_peptide_affected
ENSG00000230685,CLIC1,ENSG00000230685_iso1,0.035860944,0.090660423,0.52763612,ORF_shortening;ORF_lengthening;transmembrane_affected
ENSG00000226651,CLIC1,ENSG00000226651_iso1,0.001961767,0.013979795,0.638139044,ORF_lengthening;Domain_gain;signal_peptide_affected
ENSG00000206394,CLIC1,ENSG00000206394_iso1,0.046514626,0.057038749,0.157231459,Domain_gain;ORF_shortening;transmembrane_affected
ENSG00000213719,CLIC1,ENSG00000213719_iso1,0.042338127,0.067973006,0.463567869,transmembrane_affected
ENSG00000125656,CLPP,ENSG00000125656_iso1,0.008510541,0.025254108,0.185079303,signal_peptide_affected;Domain_loss;transmembrane_affected
ENSG00000187118,CMC1,ENSG00000187118_iso1,0.003774501,0.031564062,0.460374113,transmembrane_affected;ORF_shortening;Domain_gain
ENSG00000103121,CMC2,ENSG00000103121_iso1,0.007025262,0.011135242,0.416465889,Domain_gain;ORF_shortening;ORF_lengthening
ENSG00000184220,CMSS1,ENSG00000184220_iso1,0.006200385,0.06518808,0.139660866,signal_peptide_affected
ENSG00000143771,CNIH4,ENSG00000143771_iso1,0.035113477,0.040948434,0.175279932,ORF_shortening;signal_peptide_affected;Domain_gain
ENSG00000257727,CNPY2,ENSG00000257727_iso1,0.00824159,0.022774317,0.777630931,Domain_loss;Domain_gain;ORF_shortening
ENSG00000119865,CNRIP1,ENSG00000119865_iso1,0.031740337,0.014617789,0.32256374,ORF_lengthening;transmembrane_affected;signal_peptide_affected
ENSG00000181924,COA4,ENSG00000181924_iso1,0.017180882,0.031620618,0.232708352,ORF_lengthening
ENSG00000168275,COA6,ENSG00000168275_iso1,0.04699993,0.062762903,0.353127168,ORF_shortening;transmembrane_affected;signal_peptide_affected
ENSG00000068120,COASY,ENSG00000068120_iso1,0.048412077,0.001317228,0.136194338,transmembrane_affected;Domain_gain;NMD_affected
ENSG00000144810,COL8A1,ENSG00000144810_iso1,0.013821688,0.010422831,0.706868096,signal_peptide_affected;NMD_affected
ENSG00000173163,COMMD1,ENSG00000173163_iso1,0.040210106,0.042477452,0.371441478,ORF_shortening;transmembrane_affected;Domain_gain
ENSG00000148444,COMMD3,ENSG00000148444_iso1,0.003186199,0.073951345,0.387943431,Domain_gain
ENSG00000140365,COMMD4,ENSG00000140365_iso1,0.014587924,0.019657618,0.454672341,signal_peptide_affected;Domain_gain
ENSG00000188243,COMMD6,ENSG00000188243_iso1,0.041730118,0.028806901,0.188965871,NMD_affected;transmembrane_affected
ENSG00000093010,COMT,ENSG00000093010_iso1,0.033519197,0.026979545,0.415370805,ORF_shortening
ENSG00000168090,COPS6,ENSG00000168090_iso1,0.025202417,0.073444707,0.630809274,signal_peptide_affected;transmembrane_affected;ORF_shortening
ENSG00000172428,COPS9,ENSG00000172428_iso1,0.025467911,0.083769704,0.237899056,signal_peptide_affected;NMD_affected;transmembrane_affected
ENSG00000111481,COPZ1,ENSG00000111481_iso1,0.026226925,0.000471754,0.413880039,transmembrane_affected;ORF_shortening
ENSG00000167113,COQ4,ENSG00000167113_iso1,0.014814909,0.058828365,0.405848504,Domain_gain;ORF_lengthening
ENSG00000133983,COX16,ENSG00000133983_iso1,0.018037617,0.064802991,0.308535921,transmembrane_affected;NMD_affected;ORF_shortening
ENSG00000203667,COX20,ENSG00000203667_iso1,0.002880244,0.013312408,0.538657099,ORF_lengthening;signal_peptide_affected
ENSG00000131143,COX4I1,ENSG00000131143_iso1,0.008621292,0.074553462,0.28703526,Domain_gain;ORF_shortening
ENSG00000178741,COX5A,ENSG00000178741_iso1,0.048898244,0.000953409,0.438778178,Domain_loss;NMD_affected;transmembrane_affected
ENSG00000135940,COX5B,ENSG00000135940_iso1,0.027849959,0.050683232,0.698553198,NMD_affected
ENSG00000291596,COX5B,ENSG00000291596_iso1,0.034966826,0.005474712,0.123157997,signal_peptide_affected;ORF_lengthening
ENSG00000111775,COX6A1,ENSG00000111775_iso1,0.023469462,0.008731319,0.293897698,Domain_gain;Domain_loss
ENSG00000126267,COX6B1,ENSG00000126267_iso1,0.035524386,0.088127355,0.520515119,Domain_gain;Domain_loss;ORF_shortening
ENSG00000164919,COX6C,ENSG00000164919_iso1,0.023930361,0.068287077,0.497782042,NMD_affected;ORF_lengthening;Domain_loss
ENSG00000112695,COX7A2,ENSG00000112695_iso1,0.014888957,0.034716536,0.751941172,NMD_affected;Domain_loss
ENSG00000115944,COX7A2L,ENSG00000115944_iso1,0.04687784,0.051792008,0.177169219,ORF_lengthening;signal_peptide_affected
ENSG00000127184,COX7C,ENSG00000127184_iso1,0.02899757,0.038651777,0.760299734,ORF_shortening;Domain_loss
ENSG00000119878,CRIPT,ENSG00000119878_iso1,0.022166379,0.045666093,0.10288103,ORF_shortening;Domain_gain;NMD_affected
ENSG00000230700,CSNK2B,ENSG00000230700_iso1,0.017372884,0.044022867,0.52907722,signal_peptide_affected
ENSG00000160213,CSTB,ENSG00000160213_iso1,0.004140741,0.037577888,0.544626263,transmembrane_affected
ENSG00000164733,CTSB,ENSG00000164733_iso1,0.004645478,0.077528856,0.77431166,Domain_gain;NMD_affected;ORF_lengthening
ENSG00000285132,CTSB,ENSG00000285132_iso1,0.049386915,0.005876843,0.788828816,Domain_gain;Domain_loss
ENSG00000109861,CTSC,ENSG00000109861_iso1,0.01463392,0.067868557,0.153661373,ORF_lengthening;NMD_affected;signal_peptide_affected
ENSG00000288401,CTTN,ENSG00000288401_iso1,0.022487091,0.078208983,0.536986526,Domain_gain
ENSG00000085733,CTTN,ENSG00000085733_iso1,0.038973459,0.096679544,0.747641328,Domain_gain
ENSG00000112514,CUTA,ENSG00000112514_iso1,0.041402524,0.043110701,0.24549779,ORF_shortening
ENSG00000150316,CWC15,ENSG00000150316_iso1,0.005463912,0.017297611,0.583943772,transmembrane_affected;Domain_loss;NMD_affected
ENSG00000172115,CYCS,ENSG00000172115_iso1,0.046115952,0.03017316,0.111121784,transmembrane_affected;ORF_shortening
ENSG00000120306,CYSTM1,ENSG00000120306_iso1,0.030830446,0.093497527,0.716285601,Domain_gain
ENSG00000222041,CYTOR,ENSG00000222041_iso1,0.045607168,0.036390929,0.631470086,signal_peptide_affected;Domain_gain;transmembrane_affected
ENSG00000129562,DAD1,ENSG00000129562_iso1,0.042377462,0.022087122,0.572808329,Domain_loss;transmembrane_affected;signal_peptide_affected
ENSG00000226950,DANCR,ENSG00000226950_iso1,0.029204893,0.047941514,0.610906403,signal_peptide_affected
ENSG00000155368,DBI,ENSG00000155368_iso1,0.047079116,0.041211648,0.358242719,ORF_lengthening;Domain_gain;ORF_shortening
ENSG00000204843,DCTN1,ENSG00000204843_iso1,0.04892803,0.024642482,0.62565798,NMD_affected;ORF_shortening
ENSG00000137100,DCTN3,ENSG00000137100_iso1,0.045652518,0.091484433,0.501897222,ORF_shortening;Domain_loss
ENSG00000179958,DCTPP1,ENSG00000179958_iso1,0.027787978,0.05331633,0.41941584,NMD_affected
ENSG00000153904,DDAH1,ENSG00000153904_iso1,0.025510412,0.026139089,0.120195005,transmembrane_affected;NMD_affected
ENSG00000099977,DDT,ENSG00000099977_iso1,0.036037588,0.006475483,0.599382147,ORF_shortening;signal_peptide_affected;transmembrane_affected
ENSG00000275003,DDT,ENSG00000275003_iso1,0.029467612,0.031586094,0.410698214,Domain_gain;ORF_shortening
ENSG00000104325,DECR1,ENSG00000104325_iso1,0.003576029,0.025936295,0.734082203,transmembrane_affected;Domain_gain;Domain_loss
ENSG00000160049,DFFA,ENSG00000160049_iso1,0.0082815,0.09532303,0.700174858,Domain_loss;signal_peptide_affected
ENSG00000137038,DMAC1,ENSG00000137038_iso1,0.029969313,0.018022682,0.761275676,ORF_shortening;ORF_lengthening;Domain_loss
ENSG00000105993,DNAJB6,ENSG00000105993_iso1,0.038899862,0.09562896,0.721012666,Domain_gain;signal_peptide_affected;ORF_shortening
ENSG00000205981,DNAJC19,ENSG00000205981_iso1,0.011076242,0.043003684,0.14665818,signal_peptide_affected;Domain_loss
ENSG00000000419,DPM1,ENSG00000000419_iso1,0.020493802,0.086810509,0.313707409,signal_peptide_affected;transmembrane_affected
ENSG00000162961,DPY30,ENSG00000162961_iso1,0.004009298,0.055600013,0.487187807,Domain_gain;ORF_lengthening;signal_peptide_affected
ENSG00000128951,DUT,ENSG00000128951_iso1,0.037709621,0.024937634,0.503427287,Domain_loss;signal_peptide_affected;transmembrane_affected
ENSG00000088986,DYNLL1,ENSG00000088986_iso1,0.024968474,0.066248093,0.447380006,ORF_lengthening;transmembrane_affected
ENSG00000125971,DYNLRB1,ENSG00000125971_iso1,0.017614342,0.070805017,0.526392065,signal_peptide_affected
ENSG00000146425,DYNLT1,ENSG00000146425_iso1,0.034110702,0.094728364,0.384216759,signal_peptide_affected
ENSG00000117395,EBNA1BP2,ENSG00000117395_iso1,0.000698222,0.031475846,0.203702075,ORF_lengthening
ENSG00000147155,EBP,ENSG00000147155_iso1,0.025773625,0.085302492,0.264541406,Domain_loss
ENSG00000104823,ECH1,ENSG00000104823_iso1,0.04660825,0.086679927,0.228110198,transmembrane_affected;signal_peptide_affected
ENSG00000282853,ECH1,ENSG00000282853_iso1,0.047674756,0.071123653,0.538704523,ORF_lengthening
ENSG00000107223,EDF1,ENSG00000107223_iso1,0.016166689,0.042722706,0.613043797,ORF_shortening;ORF_lengthening;NMD_affected
ENSG00000156508,EEF1A1,ENSG00000156508_iso1,0.003514583,0.059010014,0.3494886,Domain_loss;ORF_lengthening
ENSG00000283391,EEF1B2,ENSG00000283391_iso1,0.036756742,0.045284698,0.75515739,Domain_loss;NMD_affected;ORF_lengthening
ENSG00000114942,EEF1B2,ENSG00000114942_iso1,0.010896067,0.050148212,0.441526305,NMD_affected;ORF_shortening
ENSG00000104529,EEF1D,ENSG00000104529_iso1,0.013313551,0.061495899,0.623007567,ORF_lengthening;NMD_affected
ENSG00000273594,EEF1D,ENSG00000273594_iso1,0.024164859,0.031487116,0.153123708,NMD_affected;Domain_loss;signal_peptide_affected
ENSG00000167658,EEF2,ENSG00000167658_iso1,0.032919188,0.099822993,0.383440358,NMD_affected;ORF_lengthening;ORF_shortening
ENSG00000115380,EFEMP1,ENSG00000115380_iso1,0.016867251,0.031602541,0.514382103,Domain_gain;ORF_lengthening
ENSG00000173812,EIF1,ENSG00000173812_iso1,0.013811187,0.068096388,0.112249302,signal_peptide_affected;Domain_loss;Domain_gain
ENSG00000173674,EIF1AX,ENSG00000173674_iso1,0.021599759,0.068303173,0.452277264,ORF_shortening;NMD_affected
ENSG00000104408,EIF3E,ENSG00000104408_iso1,0.049481084,0.028466055,0.59487337,NMD_affected
ENSG00000084623,EIF3I,ENSG00000084623_iso1,0.035706811,0.04289728,0.290080274,ORF_lengthening
ENSG00000178982,EIF3K,ENSG00000178982_iso1,0.00549919,0.077061278,0.424182063,Domain_gain
ENSG00000282986,EIF3K,ENSG00000282986_iso1,0.046920924,0.014049169,0.489571439,Domain_gain
ENSG00000100129,EIF3L,ENSG00000100129_iso1,0.011782227,0.046708626,0.109962672,NMD_affected;ORF_lengthening;ORF_shortening
ENSG00000149100,EIF3M,ENSG00000149100_iso1,0.028041852,0.061866699,0.109086434,transmembrane_affected;ORF_lengthening;Domain_loss
ENSG00000161960,EIF4A1,ENSG00000161960_iso1,0.039954138,0.005713116,0.650103381,ORF_lengthening
ENSG00000135930,EIF4E2,ENSG00000135930_iso1,0.015650205,0.039726971,0.480313899,Domain_gain;ORF_shortening
ENSG00000187840,EIF4EBP1,ENSG00000187840_iso1,0.045046901,0.060176613,0.708297228,ORF_lengthening;ORF_shortening;Domain_gain
ENSG00000110321,EIF4G2,ENSG00000110321_iso1,0.004112126,0.06965809,0.270738872,ORF_lengthening;ORF_shortening
ENSG00000132507,EIF5A,ENSG00000132507_iso1,0.002328703,0.064330425,0.144678694,ORF_shortening;NMD_affected
ENSG00000242372,EIF6,ENSG00000242372_iso1,0.041562716,0.005853153,0.179160321,transmembrane_affected;signal_peptide_affected
ENSG00000103363,ELOB,ENSG00000103363_iso1,0.043642338,0.017045466,0.149494542,Domain_loss;NMD_affected;ORF_shortening
ENSG00000154582,ELOC,ENSG00000154582_iso1,0.002592735,0.090674844,0.588320029,signal_peptide_affected
ENSG00000130165,ELOF1,ENSG00000130165_iso1,0.012084054,0.081713068,0.430073199,signal_peptide_affected;NMD_affected;Domain_gain
ENSG00000012660,ELOVL5,ENSG00000012660_iso1,0.010700583,0.094944011,0.723626653,transmembrane_affected
ENSG00000288485,ELP5,ENSG00000288485_iso1,0.041473297,0.084677883,0.459458021,ORF_lengthening;NMD_affected;Domain_gain
ENSG00000170291,ELP5,ENSG00000170291_iso1,0.017212323,0.099745359,0.344531276,ORF_shortening
ENSG00000125037,EMC3,ENSG00000125037_iso1,0.034873065,0.063591697,0.343605947,NMD_affected
ENSG00000128463,EMC4,ENSG00000128463_iso1,0.023330885,0.089460684,0.24726377,ORF_lengthening;ORF_shortening;Domain_loss
ENSG00000102119,EMD,ENSG00000102119_iso1,0.007062368,0.03709798,0.714453732,transmembrane_affected
ENSG00000142227,EMP3,ENSG00000142227_iso1,0.045019685,0.07103518,0.33217574,NMD_affected
ENSG00000074800,ENO1,ENSG00000074800_iso1,0.045009548,0.002700009,0.692299232,ORF_lengthening
ENSG00000120533,ENY2,ENSG00000120533_iso1,0.035348948,0.055305705,0.334673021,transmembrane_affected;NMD_affected
ENSG00000012061,ERCC1,ENSG00000012061_iso1,0.025989962,0.09876545,0.164916533,ORF_lengthening;Domain_gain;Domain_loss
ENSG00000113719,ERGIC1,ENSG00000113719_iso1,0.024344976,0.020454167,0.291111021,NMD_affected;transmembrane_affected;ORF_lengthening
ENSG00000125991,ERGIC3,ENSG00000125991_iso1,0.032655232,0.066422314,0.482676689,signal_peptide_affected;Domain_loss
ENSG00000100632,ERH,ENSG00000100632_iso1,0.030177497,0.048244256,0.638901843,NMD_affected;ORF_lengthening;Domain_loss
ENSG00000105379,ETFB,ENSG00000105379_iso1,0.009970485,0.054158892,0.101862337,Domain_gain;ORF_shortening
ENSG00000171311,EXOSC1,ENSG00000171311_iso1,0.020862096,0.038228296,0.460179731,signal_peptide_affected;Domain_loss;Domain_gain
ENSG00000120699,EXOSC8,ENSG00000120699_iso1,0.003767692,0.046182277,0.492523411,Domain_loss;transmembrane_affected;signal_peptide_affected
ENSG00000170323,FABP4,ENSG00000170323_iso1,0.012766722,0.001898772,0.457391627,signal_peptide_affected;ORF_shortening
ENSG00000164687,FABP5,ENSG00000164687_iso1,0.040899895,0.00841503,0.671240945,ORF_shortening;Domain_loss;signal_peptide_affected
ENSG00000237765,FAM200B,ENSG00000237765_iso1,0.000551842,0.099424167,0.61280936,signal_peptide_affected;Domain_loss;transmembrane_affected
ENSG00000149806,FAU,ENSG00000149806_iso1,0.01176464,0.023261227,0.395912986,Domain_gain;ORF_lengthening
ENSG00000079459,FDFT1,ENSG00000079459_iso1,0.044846479,0.054852863,0.701547525,Domain_loss;ORF_lengthening
ENSG00000284967,FDFT1,ENSG00000284967_iso1,0.001156922,0.032201335,0.286849138,signal_peptide_affected;ORF_lengthening;ORF_shortening
ENSG00000160752,FDPS,ENSG00000160752_iso1,0.003629102,0.072520547,0.551814998,Domain_gain
ENSG00000172500,FIBP,ENSG00000172500_iso1,0.007225661,0.094445123,0.429673119,Domain_loss;ORF_lengthening
ENSG00000214253,FIS1,ENSG00000214253_iso1,0.002603837,0.057524433,0.647827491,signal_peptide_affected
ENSG00000134285,FKBP11,ENSG00000134285_iso1,0.037126527,0.010698936,0.195382439,Domain_gain;NMD_affected
ENSG00000088832,FKBP1A,ENSG00000088832_iso1,0.02104024,0.000961275,0.339027952,NMD_affected
ENSG00000164898,FMC1,ENSG00000164898_iso1,0.044042542,0.036451472,0.415402865,ORF_shortening;transmembrane_affected;Domain_gain
ENSG00000167996,FTH1,ENSG00000167996_iso1,0.029461381,0.009557715,0.75124864,transmembrane_affected
ENSG00000089327,FXYD5,ENSG00000089327_iso1,0.024699729,0.011237955,0.750947411,Domain_loss;ORF_shortening
ENSG00000170296,GABARAP,ENSG00000170296_iso1,0.0470503,0.075153986,0.2580799,transmembrane_affected;NMD_affected;ORF_lengthening
ENSG00000034713,GABARAPL2,ENSG00000034713_iso1,0.019161452,0.012369199,0.629368319,ORF_shortening
ENSG00000111640,GAPDH,ENSG00000111640_iso1,0.025373501,0.003010001,0.1535113,signal_peptide_affected;transmembrane_affected;NMD_affected
ENSG00000234741,GAS5,ENSG00000234741_iso1,0.022842869,0.09785073,0.376698032,ORF_shortening;transmembrane_affected;NMD_affected
ENSG00000160221,GATD3,ENSG00000160221_iso1,0.043419114,0.091373036,0.20019491,signal_peptide_affected;NMD_affected
ENSG00000140905,GCSH,ENSG00000140905_iso1,0.032920525,0.004944692,0.469916743,signal_peptide_affected;ORF_shortening
ENSG00000278243,GFUS,ENSG00000278243_iso1,0.013133176,0.048695155,0.409060573,signal_peptide_affected;NMD_affected;Domain_gain
ENSG00000104522,GFUS,ENSG00000104522_iso1,0.024319019,0.057235445,0.275442948,ORF_shortening
ENSG00000165678,GHITM,ENSG00000165678_iso1,0.008992514,0.041245675,0.124599616,ORF_lengthening;NMD_affected;ORF_shortening
ENSG00000139278,GLIPR1,ENSG00000139278_iso1,0.042317716,0.008776158,0.435531461,transmembrane_affected;ORF_lengthening
ENSG00000198715,GLMP,ENSG00000198715_iso1,0.034375366,0.018103548,0.610436331,Domain_gain
ENSG00000114353,GNAI2,ENSG00000114353_iso1,0.04742655,0.056073459,0.451060862,transmembrane_affected
ENSG00000174021,GNG5,ENSG00000174021_iso1,0.038466739,0.062952355,0.792317254,NMD_affected;ORF_lengthening
ENSG00000105220,GPI,ENSG00000105220_iso1,0.016696894,0.046999557,0.627942484,signal_peptide_affected;ORF_lengthening;Domain_loss
ENSG00000167468,GPX4,ENSG00000167468_iso1,0.029301836,0.056487444,0.561573001,Domain_gain
ENSG00000137106,GRHPR,ENSG00000137106_iso1,0.033735702,0.096831537,0.386690454,transmembrane_affected
ENSG00000109519,GRPEL1,ENSG00000109519_iso1,0.046723896,0.040149678,0.677911857,signal_peptide_affected;NMD_affected;ORF_lengthening
ENSG00000197448,GSTK1,ENSG00000197448_iso1,0.00027268,0.088490032,0.169536305,transmembrane_affected;signal_peptide_affected;ORF_lengthening
ENSG00000134202,GSTM3,ENSG00000134202_iso1,0.013093408,0.003746081,0.418907401,NMD_affected;Domain_loss
ENSG00000148834,GSTO1,ENSG00000148834_iso1,0.033640613,0.095517195,0.425729132,Domain_gain;NMD_affected
ENSG00000084207,GSTP1,ENSG00000084207_iso1,0.048446219,0.090882164,0.495586846,Domain_loss
ENSG00000140307,GTF2A2,ENSG00000140307_iso1,0.038916889,0.004731215,0.412107641,signal_peptide_affected;Domain_gain;transmembrane_affected
ENSG00000272047,GTF2H5,ENSG00000272047_iso1,0.019458887,0.001479602,0.787977455,Domain_loss;ORF_shortening;Domain_gain
ENSG00000155115,GTF3C6,ENSG00000155115_iso1,0.022481126,0.021000954,0.490662681,NMD_affected;Domain_gain
ENSG00000143774,GUK1,ENSG00000143774_iso1,0.01486069,0.093124985,0.363166984,signal_peptide_affected
ENSG00000164032,H2AZ1,ENSG00000164032_iso1,0.009172707,0.059357849,0.582409151,signal_peptide_affected;ORF_lengthening;NMD_affected
ENSG00000105968,H2AZ2,ENSG00000105968_iso1,0.009640469,0.092216136,0.415229189,ORF_lengthening;signal_peptide_affected
ENSG00000163041,H3-3A,ENSG00000163041_iso1,0.018981961,0.037781525,0.2854018,ORF_lengthening;signal_peptide_affected;ORF_shortening
ENSG00000132475,H3-3B,ENSG00000132475_iso1,0.029500317,0.090833447,0.647986598,ORF_lengthening
ENSG00000152240,HAUS1,ENSG00000152240_iso1,0.011639011,0.012838682,0.383040155,Domain_loss;transmembrane_affected;ORF_lengthening
ENSG00000143575,HAX1,ENSG00000143575_iso1,0.022431598,0.051996253,0.143371534,ORF_shortening;Domain_gain
ENSG00000051620,HEBP2,ENSG00000051620_iso1,0.033441285,0.092800335,0.427644598,Domain_loss;ORF_shortening;signal_peptide_affected
ENSG00000049860,HEXB,ENSG00000049860_iso1,0.010884301,0.053941141,0.632141595,NMD_affected;ORF_shortening
ENSG00000164161,HHIP,ENSG00000164161_iso1,0.032985777,0.080207152,0.428583212,ORF_lengthening;NMD_affected
ENSG00000149196,HIKESHI,ENSG00000149196_iso1,0.030760243,0.030462625,0.439687477,Domain_gain;Domain_loss;ORF_shortening
ENSG00000169567,HINT1,ENSG00000169567_iso1,0.017280594,0.071282124,0.273369273,signal_peptide_affected;Domain_loss
ENSG00000227715,HLA-A,ENSG00000227715_iso1,0.041000628,0.029924221,0.527627776,Domain_gain;ORF_lengthening
ENSG00000101294,HM13,ENSG00000101294_iso1,0.028800794,0.094681378,0.448559039,ORF_lengthening;signal_peptide_affected
ENSG00000189403,HMGB1,ENSG00000189403_iso1,0.00017262,0.05129928,0.154221565,transmembrane_affected;NMD_affected
ENSG00000164104,HMGB2,ENSG00000164104_iso1,0.03479618,0.084390826,0.540834763,Domain_gain;transmembrane_affected
ENSG00000029993,HMGB3,ENSG00000029993_iso1,0.034439949,0.07988023,0.390617302,ORF_shortening
ENSG00000113161,HMGCR,ENSG00000113161_iso1,0.042792159,0.080518828,0.37966285,signal_peptide_affected
ENSG00000198830,HMGN2,ENSG00000198830_iso1,0.02943685,0.002537678,0.539873324,Domain_loss
ENSG00000118418,HMGN3,ENSG00000118418_iso1,0.014662818,0.043642299,0.198091096,transmembrane_affected;signal_peptide_affected
ENSG00000277424,HMOX2,ENSG00000277424_iso1,0.032976807,0.007204815,0.678219132,NMD_affected
ENSG00000135486,HNRNPA1,ENSG00000135486_iso1,0.01126971,0.068109735,0.184721705,ORF_shortening;Domain_loss
ENSG00000122566,HNRNPA2B1,ENSG00000122566_iso1,0.015333242,0.093582701,0.203861932,NMD_affected;transmembrane_affected
ENSG00000092199,HNRNPC,ENSG00000092199_iso1,0.043327602,0.027133449,0.293871604,transmembrane_affected;signal_peptide_affected;Domain_loss
ENSG00000138668,HNRNPD,ENSG00000138668_iso1,0.042814773,0.026253966,0.115181049,ORF_lengthening;Domain_loss
ENSG00000096746,HNRNPH3,ENSG00000096746_iso1,0.02036389,0.091766283,0.673787746,ORF_lengthening;ORF_shortening
ENSG00000230989,HSBP1,ENSG00000230989_iso1,0.000844876,0.058895494,0.401077734,ORF_shortening;Domain_loss;Domain_gain
ENSG00000072506,HSD17B10,ENSG00000072506_iso1,0.023497995,0.057153835,0.137505571,Domain_gain;ORF_lengthening
ENSG00000109971,HSPA8,ENSG00000109971_iso1,0.037491357,0.035089487,0.347421694,transmembrane_affected
ENSG00000106211,HSPB1,ENSG00000106211_iso1,0.016010314,0.088969803,0.526938149,Domain_loss;NMD_affected
ENSG00000115541,HSPE1,ENSG00000115541_iso1,0.028997547,0.009802244,0.458080635,Domain_loss;transmembrane_affected;NMD_affected
ENSG00000242028,HYPK,ENSG00000242028_iso1,0.008418011,0.072562425,0.366269671,Domain_loss
ENSG00000108622,ICAM2,ENSG00000108622_iso1,0.04003063,0.005770302,0.449636394,ORF_shortening
ENSG00000117318,ID3,ENSG00000117318_iso1,0.002181595,0.032275149,0.144776457,Domain_loss;signal_peptide_affected;Domain_gain
ENSG00000283060,ID3,ENSG00000283060_iso1,0.003517496,0.079831914,0.253901814,Domain_gain;ORF_lengthening;ORF_shortening
ENSG00000275214,IFI27,ENSG00000275214_iso1,0.027163366,0.012233124,0.699893579,Domain_loss;NMD_affected;Domain_gain
ENSG00000165949,IFI27,ENSG00000165949_iso1,0.047954037,0.067696499,0.190487691,NMD_affected;Domain_gain
ENSG00000119632,IFI27L2,ENSG00000119632_iso1,0.019210068,0.09281883,0.456818291,transmembrane_affected;NMD_affected;Domain_gain
ENSG00000276879,IFI27L2,ENSG00000276879_iso1,0.003650865,0.053539723,0.495135909,Domain_loss
ENSG00000185201,IFITM2,ENSG00000185201_iso1,0.049563962,0.054217841,0.27212446,ORF_shortening;transmembrane_affected
ENSG00000142089,IFITM3,ENSG00000142089_iso1,0.0360527,0.075857016,0.421555506,signal_peptide_affected
ENSG00000128581,IFT22,ENSG00000128581_iso1,0.020339993,0.065322045,0.604828296,transmembrane_affected;NMD_affected
ENSG00000008517,IL32,ENSG00000008517_iso1,0.036259926,0.036730952,0.308799243,NMD_affected;signal_peptide_affected;ORF_shortening
ENSG00000178035,IMPDH2,ENSG00000178035_iso1,0.040459021,0.040694093,0.287324604,ORF_lengthening
ENSG00000153391,INO80C,ENSG00000153391_iso1,0.027272928,0.043385459,0.422500698,ORF_shortening
ENSG00000086200,IPO11,ENSG00000086200_iso1,0.003609959,0.018275998,0.364164755,NMD_affected;transmembrane_affected;Domain_gain
ENSG00000187608,ISG15,ENSG00000187608_iso1,0.044825234,0.076342471,0.544593096,NMD_affected;Domain_gain
ENSG00000083457,ITGAE,ENSG00000083457_iso1,0.013912827,0.022049978,0.523631261,Domain_loss;ORF_shortening;transmembrane_affected
ENSG00000150093,ITGB1,ENSG00000150093_iso1,0.012181547,0.004920605,0.247560141,ORF_lengthening
ENSG00000119185,ITGB1BP1,ENSG00000119185_iso1,0.012110873,0.08536354,0.637382593,transmembrane_affected;Domain_gain
ENSG00000189159,JPT1,ENSG00000189159_iso1,0.016566782,0.003496377,0.529196704,signal_peptide_affected
ENSG00000225470,JPX,ENSG00000225470_iso1,0.011572797,0.010300881,0.222465128,signal_peptide_affected;Domain_loss
ENSG00000134056,KGD4,ENSG00000134056_iso1,0.01398537,0.095395775,0.126940052,transmembrane_affected;Domain_gain;signal_peptide_affected
ENSG00000278461,KGD4,ENSG00000278461_iso1,0.038040286,0.063089322,0.625819751,ORF_shortening
ENSG00000182481,KPNA2,ENSG00000182481_iso1,0.016511088,0.089831585,0.350238112,ORF_shortening;Domain_loss;transmembrane_affected
ENSG00000163463,KRTCAP2,ENSG00000163463_iso1,0.017721319,0.048908362,0.183376644,transmembrane_affected
ENSG00000112769,LAMA4,ENSG00000112769_iso1,0.014772009,0.062883184,0.335281401,NMD_affected;signal_peptide_affected
ENSG00000149357,LAMTOR1,ENSG00000149357_iso1,0.019853438,0.058775442,0.344009885,transmembrane_affected;signal_peptide_affected
ENSG00000116586,LAMTOR2,ENSG00000116586_iso1,0.003215061,0.048992801,0.148799158,NMD_affected;Domain_loss
ENSG00000188186,LAMTOR4,ENSG00000188186_iso1,0.015579047,0.057586645,0.648248881,ORF_lengthening
ENSG00000134248,LAMTOR5,ENSG00000134248_iso1,0.005064812,0.055656202,0.584541578,ORF_lengthening
ENSG00000134333,LDHA,ENSG00000134333_iso1,0.032882404,0.087155781,0.522055622,ORF_lengthening;ORF_shortening;NMD_affected
ENSG00000288299,LDHA,ENSG00000288299_iso1,0.006299644,0.06069849,0.213686214,NMD_affected;ORF_lengthening
ENSG00000111716,LDHB,ENSG00000111716_iso1,0.011094261,0.04220512,0.395234916,transmembrane_affected;NMD_affected
ENSG00000100097,LGALS1,ENSG00000100097_iso1,0.028534929,0.084829361,0.729447479,ORF_lengthening
ENSG00000160789,LMNA,ENSG00000160789_iso1,0.032368979,0.059237502,0.716168787,NMD_affected
ENSG00000163956,LRPAP1,ENSG00000163956_iso1,0.022753308,0.094777332,0.480488354,NMD_affected;Domain_loss
ENSG00000165501,LRR1,ENSG00000165501_iso1,0.048169571,0.085025868,0.725466489,Domain_loss;ORF_lengthening
ENSG00000224979,LSM2,ENSG00000224979_iso1,0.024644672,0.013562059,0.443710878,transmembrane_affected;signal_peptide_affected;ORF_shortening
ENSG00000106355,LSM5,ENSG00000106355_iso1,0.046878386,0.066745572,0.423329319,NMD_affected;ORF_lengthening;transmembrane_affected
ENSG00000154589,LY96,ENSG00000154589_iso1,0.048124639,0.055482056,0.626531261,ORF_lengthening;Domain_gain
ENSG00000111196,MAGOHB,ENSG00000111196_iso1,0.025407513,0.08386932,0.312162883,transmembrane_affected
ENSG00000251562,MALAT1,ENSG00000251562_iso1,0.019130853,0.098428325,0.31844141,transmembrane_affected
ENSG00000140941,MAP1LC3B,ENSG00000140941_iso1,0.0269682,0.005852159,0.63918762,transmembrane_affected
ENSG00000180398,MCFD2,ENSG00000180398_iso1,0.010444053,0.053482407,0.201519578,Domain_gain;NMD_affected;ORF_lengthening
ENSG00000232119,MCTS1,ENSG00000232119_iso1,0.038732696,0.015197066,0.270514237,signal_peptide_affected;Domain_loss
ENSG00000014641,MDH1,ENSG00000014641_iso1,0.008634418,0.004884104,0.278010531,Domain_gain
ENSG00000146701,MDH2,ENSG00000146701_iso1,0.025924366,0.047558829,0.795014728,NMD_affected;ORF_lengthening
ENSG00000108590,MED31,ENSG00000108590_iso1,0.008334871,0.031998324,0.514051568,ORF_shortening;transmembrane_affected;NMD_affected
ENSG00000111142,METAP2,ENSG00000111142_iso1,0.018769346,0.084677501,0.315092538,Domain_loss;signal_peptide_affected;Domain_gain
ENSG00000138382,METTL5,ENSG00000138382_iso1,0.00975196,0.049160903,0.300556299,NMD_affected;ORF_shortening;signal_peptide_affected
ENSG00000100060,MFNG,ENSG00000100060_iso1,0.00210992,0.051222183,0.419694452,signal_peptide_affected;Domain_loss
ENSG00000111341,MGP,ENSG00000111341_iso1,0.046930444,0.030866815,0.618292603,ORF_shortening
ENSG00000008394,MGST1,ENSG00000008394_iso1,0.043298244,0.075256483,0.501847257,Domain_loss;signal_peptide_affected;Domain_gain
ENSG00000085871,MGST2,ENSG00000085871_iso1,0.012923231,0.067000919,0.177938977,NMD_affected;ORF_shortening;transmembrane_affected
ENSG00000143198,MGST3,ENSG00000143198_iso1,0.029195122,0.000247652,0.376010881,signal_peptide_affected;Domain_loss
ENSG00000173436,MICOS10,ENSG00000173436_iso1,0.004844642,0.049852697,0.104340802,ORF_lengthening
ENSG00000141741,MIEN1,ENSG00000141741_iso1,0.026626781,0.058047806,0.75886585,Domain_gain;signal_peptide_affected
ENSG00000240972,MIF,ENSG00000240972_iso1,0.008247829,0.094145598,0.620791041,NMD_affected;Domain_loss;ORF_shortening
ENSG00000276701,MIF,ENSG00000276701_iso1,0.017235925,0.005548649,0.626702084,ORF_lengthening
ENSG00000172965,MIR4435-2HG,ENSG00000172965_iso1,0.022350633,0.005197648,0.209396767,ORF_shortening
ENSG00000247516,MIR4458HG,ENSG00000247516_iso1,0.015195248,0.047087488,0.623653833,Domain_loss;ORF_shortening
ENSG00000160124,MIX23,ENSG00000160124_iso1,0.025564109,0.022100073,0.673434676,Domain_gain
ENSG00000125863,MKKS,ENSG00000125863_iso1,0.031459493,0.046268797,0.601978374,Domain_loss
ENSG00000139428,MMAB,ENSG00000139428_iso1,0.043691007,0.027529418,0.591649447,transmembrane_affected
ENSG00000123562,MORF4L2,ENSG00000123562_iso1,0.046826736,0.081279696,0.776560138,Domain_loss
ENSG00000143158,MPC2,ENSG00000143158_iso1,0.019681581,0.07942928,0.114221285,signal_peptide_affected;ORF_lengthening
ENSG00000115204,MPV17,ENSG00000115204_iso1,0.042323625,0.055632907,0.147814005,transmembrane_affected;NMD_affected
ENSG00000174547,MRPL11,ENSG00000174547_iso1,0.014295151,0.090493747,0.426837698,signal_peptide_affected;ORF_shortening
ENSG00000172172,MRPL13,ENSG00000172172_iso1,0.013902792,4.87E-05,0.606570692,ORF_shortening;signal_peptide_affected;NMD_affected
ENSG00000137547,MRPL15,ENSG00000137547_iso1,0.014113219,0.091245825,0.754241283,NMD_affected;signal_peptide_affected
ENSG00000112110,MRPL18,ENSG00000112110_iso1,0.019302877,0.092326969,0.752858155,Domain_gain;ORF_shortening;ORF_lengthening
ENSG00000242485,MRPL20,ENSG00000242485_iso1,0.033007015,0.082716035,0.609001503,ORF_lengthening;signal_peptide_affected
ENSG00000197345,MRPL21,ENSG00000197345_iso1,0.029960365,0.060082244,0.435661912,Domain_gain
ENSG00000082515,MRPL22,ENSG00000082515_iso1,0.049166498,0.099051451,0.320969061,Domain_gain;ORF_lengthening;Domain_loss
ENSG00000143314,MRPL24,ENSG00000143314_iso1,0.024372958,0.026913283,0.77760604,NMD_affected
ENSG00000108826,MRPL27,ENSG00000108826_iso1,0.017998714,0.049982166,0.458628501,ORF_shortening
ENSG00000185414,MRPL30,ENSG00000185414_iso1,0.003675848,0.013661636,0.472610329,Domain_loss;ORF_lengthening;transmembrane_affected
ENSG00000106591,MRPL32,ENSG00000106591_iso1,0.029092402,0.010338358,0.430106116,signal_peptide_affected;ORF_shortening;Domain_loss
ENSG00000243147,MRPL33,ENSG00000243147_iso1,0.046103365,0.04381412,0.55607088,Domain_gain;ORF_lengthening
ENSG00000171421,MRPL36,ENSG00000171421_iso1,0.008529793,0.000391771,0.243715147,Domain_gain;ORF_shortening;ORF_lengthening
ENSG00000185608,MRPL40,ENSG00000185608_iso1,0.002617546,0.026290661,0.123624865,ORF_shortening;Domain_loss
ENSG00000055950,MRPL43,ENSG00000055950_iso1,0.035901809,0.086051309,0.508018794,signal_peptide_affected;Domain_gain
ENSG00000136522,MRPL47,ENSG00000136522_iso1,0.026590472,0.081071098,0.102766953,ORF_shortening;signal_peptide_affected;Domain_gain
ENSG00000111639,MRPL51,ENSG00000111639_iso1,0.001123238,0.095490942,0.174569087,ORF_shortening
ENSG00000172590,MRPL52,ENSG00000172590_iso1,0.046031118,0.090025891,0.684522129,Domain_loss;ORF_shortening
ENSG00000204822,MRPL53,ENSG00000204822_iso1,0.040929911,0.039803141,0.567141988,ORF_shortening
ENSG00000162910,MRPL55,ENSG00000162910_iso1,0.025809781,0.096224286,0.538367878,transmembrane_affected;ORF_lengthening
ENSG00000181991,MRPS11,ENSG00000181991_iso1,0.0023756,0.012324766,0.670892567,Domain_loss
ENSG00000116898,MRPS15,ENSG00000116898_iso1,0.034194271,0.049893631,0.420142021,Domain_loss;transmembrane_affected;signal_peptide_affected
ENSG00000182180,MRPS16,ENSG00000182180_iso1,0.011003612,0.076661275,0.292730517,Domain_loss;transmembrane_affected
ENSG00000163319,MRPS18C,ENSG00000163319_iso1,0.024443088,0.061790674,0.393913941,ORF_shortening;NMD_affected
ENSG00000090263,MRPS33,ENSG00000090263_iso1,0.048917947,0.078176963,0.297547661,transmembrane_affected
ENSG00000243927,MRPS6,ENSG00000243927_iso1,0.026249885,0.017214307,0.346194156,Domain_gain
ENSG00000125445,MRPS7,ENSG00000125445_iso1,0.010478949,0.004409136,0.468929306,ORF_shortening
ENSG00000174099,MSRB3,ENSG00000174099_iso1,0.044622296,0.005605833,0.413457955,ORF_lengthening;ORF_shortening
ENSG00000169715,MT1E,ENSG00000169715_iso1,0.021417355,0.036078669,0.632140445,ORF_shortening;signal_peptide_affected;Domain_loss
ENSG00000125148,MT2A,ENSG00000125148_iso1,0.002429234,0.006078173,0.349318399,Domain_gain;ORF_shortening
ENSG00000285121,MTCH2,ENSG00000285121_iso1,0.006104797,0.074711702,0.541708917,signal_peptide_affected;NMD_affected
ENSG00000109919,MTCH2,ENSG00000109919_iso1,0.010341109,0.059960184,0.548803244,transmembrane_affected;ORF_lengthening;Domain_loss
ENSG00000122085,MTERF4,ENSG00000122085_iso1,0.025870982,0.013662744,0.424699545,transmembrane_affected
ENSG00000173171,MTX1,ENSG00000173171_iso1,0.031080215,0.086495879,0.433252019,Domain_gain;ORF_shortening;ORF_lengthening
ENSG00000101608,MYL12A,ENSG00000101608_iso1,0.000314129,0.032896159,0.435979435,signal_peptide_affected;NMD_affected
ENSG00000118680,MYL12B,ENSG00000118680_iso1,0.040623101,0.098179764,0.591414211,transmembrane_affected
ENSG00000092841,MYL6,ENSG00000092841_iso1,0.004397282,0.098238945,0.566230591,signal_peptide_affected
ENSG00000196465,MYL6B,ENSG00000196465_iso1,0.001329007,0.055873107,0.352840851,ORF_lengthening;signal_peptide_affected;Domain_loss
ENSG00000102030,NAA10,ENSG00000102030_iso1,0.036520437,0.026476204,0.459179981,Domain_loss;transmembrane_affected
ENSG00000173418,NAA20,ENSG00000173418_iso1,0.014022946,0.041026469,0.504405868,Domain_loss;ORF_shortening;NMD_affected
ENSG00000183011,NAA38,ENSG00000183011_iso1,0.002486261,0.085613513,0.277620118,Domain_gain;ORF_lengthening
ENSG00000196531,NACA,ENSG00000196531_iso1,0.012324158,0.08409734,0.621833425,Domain_loss;ORF_lengthening
ENSG00000187109,NAP1L1,ENSG00000187109_iso1,0.041159538,0.095695669,0.411537919,Domain_gain;ORF_lengthening;signal_peptide_affected
ENSG00000163382,NAXE,ENSG00000163382_iso1,0.01951344,0.01916418,0.497192804,Domain_gain
ENSG00000204272,NBDY,ENSG00000204272_iso1,0.011688483,0.041915739,0.682391676,NMD_affected;Domain_gain;transmembrane_affected
ENSG00000174886,NDUFA11,ENSG00000174886_iso1,0.001325775,0.059765111,0.404860286,Domain_loss
ENSG00000292058,NDUFA11,ENSG00000292058_iso1,0.044340463,0.021034761,0.426907203,NMD_affected;Domain_gain
ENSG00000184752,NDUFA12,ENSG00000184752_iso1,0.045260887,0.05506104,0.6436175,ORF_lengthening
ENSG00000186010,NDUFA13,ENSG00000186010_iso1,0.017703137,0.022338892,0.405809072,ORF_shortening
ENSG00000281013,NDUFA6,ENSG00000281013_iso1,0.046161209,0.001946816,0.204384675,ORF_lengthening;Domain_loss
ENSG00000184983,NDUFA6,ENSG00000184983_iso1,0.013424945,0.042605981,0.428359023,NMD_affected;Domain_loss;transmembrane_affected
ENSG00000272765,NDUFA6,ENSG00000272765_iso1,0.007145474,0.019965409,0.212342224,NMD_affected
ENSG00000277365,NDUFA6,ENSG00000277365_iso1,0.031430675,0.013937263,0.539923013,Domain_gain;transmembrane_affected
ENSG00000273397,NDUFA6,ENSG00000273397_iso1,0.023018374,0.056437007,0.481794272,ORF_shortening;Domain_loss;ORF_lengthening
ENSG00000267855,NDUFA7,ENSG00000267855_iso1,0.034015565,0.094938547,0.351066143,Domain_gain
ENSG00000139180,NDUFA9,ENSG00000139180_iso1,0.049835986,0.030077543,0.385279821,NMD_affected
ENSG00000004779,NDUFAB1,ENSG00000004779_iso1,0.049568398,0.034638423,0.658410081,transmembrane_affected
ENSG00000164182,NDUFAF2,ENSG00000164182_iso1,0.014854557,0.054436219,0.655009096,Domain_gain;ORF_shortening
ENSG00000178057,NDUFAF3,ENSG00000178057_iso1,0.048590339,0.000137653,0.596588681,Domain_gain;NMD_affected;ORF_shortening
ENSG00000123545,NDUFAF4,ENSG00000123545_iso1,0.03239774,0.096110472,0.509691345,signal_peptide_affected;Domain_gain;transmembrane_affected
ENSG00000183648,NDUFB1,ENSG00000183648_iso1,0.017610574,0.019346791,0.402005354,Domain_gain;ORF_lengthening;signal_peptide_affected
ENSG00000140990,NDUFB10,ENSG00000140990_iso1,0.038740238,0.094101009,0.679723147,NMD_affected;Domain_loss;transmembrane_affected
ENSG00000291930,NDUFB10,ENSG00000291930_iso1,0.01677714,0.050782413,0.546458521,Domain_gain;Domain_loss;signal_peptide_affected
ENSG00000147123,NDUFB11,ENSG00000147123_iso1,0.014220591,0.035818634,0.127946932,Domain_gain;ORF_lengthening
ENSG00000090266,NDUFB2,ENSG00000090266_iso1,0.007262008,0.006577282,0.11936217,ORF_lengthening
ENSG00000119013,NDUFB3,ENSG00000119013_iso1,0.007768859,0.094159132,0.662887726,ORF_shortening
ENSG00000065518,NDUFB4,ENSG00000065518_iso1,0.006162578,0.008748701,0.254689588,Domain_loss;Domain_gain;NMD_affected
ENSG00000136521,NDUFB5,ENSG00000136521_iso1,0.032938613,0.094689724,0.17076584,Domain_loss;signal_peptide_affected
ENSG00000165264,NDUFB6,ENSG00000165264_iso1,0.029646042,0.081437602,0.246751804,NMD_affected;transmembrane_affected
ENSG00000166136,NDUFB8,ENSG00000166136_iso1,0.014602829,0.089966411,0.238057205,transmembrane_affected;Domain_loss
ENSG00000147684,NDUFB9,ENSG00000147684_iso1,0.00769359,0.096968296,0.202293278,Domain_gain
ENSG00000151366,NDUFC2,ENSG00000151366_iso1,0.030309462,0.024860303,0.34294201,ORF_shortening
ENSG00000213619,NDUFS3,ENSG00000213619_iso1,0.000298507,0.084895323,0.155754866,ORF_shortening;Domain_loss
ENSG00000164258,NDUFS4,ENSG00000164258_iso1,0.009466419,0.063794202,0.75460481,ORF_lengthening
ENSG00000115286,NDUFS7,ENSG00000115286_iso1,0.023927408,0.070659252,0.286720699,transmembrane_affected
ENSG00000110717,NDUFS8,ENSG00000110717_iso1,0.002035911,0.040208879,0.316262592,signal_peptide_affected;Domain_loss
ENSG00000178127,NDUFV2,ENSG00000178127_iso1,0.036410563,0.08138542,0.551377401,ORF_shortening;signal_peptide_affected;NMD_affected
ENSG00000160194,NDUFV3,ENSG00000160194_iso1,0.032275424,0.001910008,0.636902239,NMD_affected
ENSG00000157191,NECAP2,ENSG00000157191_iso1,0.03687979,0.088886031,0.576479018,Domain_gain
ENSG00000291380,NECAP2,ENSG00000291380_iso1,0.032355524,0.021270612,0.782578734,ORF_shortening;transmembrane_affected
ENSG00000285246,NEDD8,ENSG00000285246_iso1,0.012454704,0.041696388,0.47485188,ORF_lengthening;Domain_gain
ENSG00000129559,NEDD8,ENSG00000129559_iso1,0.010168336,0.021751354,0.272440854,Domain_gain
ENSG00000147862,NFIB,ENSG00000147862_iso1,0.025793014,0.040268402,0.575780536,NMD_affected
ENSG00000169599,NFU1,ENSG00000169599_iso1,0.038012836,0.043208139,0.796153188,ORF_shortening
ENSG00000145912,NHP2,ENSG00000145912_iso1,0.028806891,0.01747744,0.203086179,transmembrane_affected;ORF_lengthening
ENSG00000243449,NICOL1,ENSG00000243449_iso1,0.01586004,0.01440292,0.33009448,ORF_lengthening;ORF_shortening
ENSG00000132603,NIP7,ENSG00000132603_iso1,0.025428009,0.098202445,0.345640209,signal_peptide_affected;Domain_gain;ORF_lengthening
ENSG00000239672,NME1,ENSG00000239672_iso1,0.032353357,0.01502245,0.191908894,signal_peptide_affected;Domain_loss
ENSG00000011052,NME1-NME2,ENSG00000011052_iso1,0.001586182,0.050547559,0.625235555,NMD_affected
ENSG00000243678,NME2,ENSG00000243678_iso1,0.031848121,0.073751073,0.549348662,signal_peptide_affected;Domain_gain;ORF_lengthening
ENSG00000166741,NNMT,ENSG00000166741_iso1,0.016503035,0.035506607,0.63261125,transmembrane_affected;NMD_affected
ENSG00000291996,NOP10,ENSG00000291996_iso1,0.044673812,0.090676772,0.578224365,ORF_shortening;Domain_gain
ENSG00000182117,NOP10,ENSG00000182117_iso1,0.00612846,0.007437163,0.333704996,signal_peptide_affected
ENSG00000048162,NOP16,ENSG00000048162_iso1,0.004243777,0.013914625,0.643985407,ORF_shortening;signal_peptide_affected;NMD_affected
ENSG00000101361,NOP56,ENSG00000101361_iso1,0.012270661,0.016380329,0.445639055,NMD_affected;Domain_loss;ORF_lengthening
ENSG00000142546,NOSIP,ENSG00000142546_iso1,0.01581176,0.068797074,0.719899753,Domain_gain
ENSG00000119655,NPC2,ENSG00000119655_iso1,0.011941624,0.037902515,0.421919771,ORF_lengthening;transmembrane_affected;signal_peptide_affected
ENSG00000141279,NPEPPS,ENSG00000141279_iso1,0.039429301,0.090689741,0.769471588,NMD_affected;ORF_shortening;transmembrane_affected
ENSG00000181163,NPM1,ENSG00000181163_iso1,0.04425844,0.018726536,0.205765494,Domain_loss;transmembrane_affected;Domain_gain
ENSG00000181019,NQO1,ENSG00000181019_iso1,0.02103812,0.037827858,0.313466238,ORF_shortening
ENSG00000078618,NRDC,ENSG00000078618_iso1,0.030484616,0.010664883,0.105962948,Domain_loss;Domain_gain
ENSG00000164346,NSA2,ENSG00000164346_iso1,0.029258962,0.090224041,0.619036946,ORF_lengthening;signal_peptide_affected;ORF_shortening
ENSG00000088833,NSFL1C,ENSG00000088833_iso1,0.009271239,0.002106664,0.767931821,NMD_affected;Domain_loss;ORF_lengthening
ENSG00000168268,NT5DC2,ENSG00000168268_iso1,0.024509437,0.089088198,0.176581318,signal_peptide_affected;NMD_affected;ORF_lengthening
ENSG00000065057,NTHL1,ENSG00000065057_iso1,0.019151298,0.026223776,0.333000893,ORF_shortening;signal_peptide_affected
ENSG00000148335,NTMT1,ENSG00000148335_iso1,0.047133536,0.036863043,0.203303132,Domain_loss;signal_peptide_affected;Domain_gain
ENSG00000164978,NUDT2,ENSG00000164978_iso1,0.04242186,0.033676015,0.554553803,transmembrane_affected;ORF_lengthening;Domain_loss
ENSG00000165609,NUDT5,ENSG00000165609_iso1,0.021798324,0.038904591,0.117205076,Domain_gain;transmembrane_affected;NMD_affected
ENSG00000102898,NUTF2,ENSG00000102898_iso1,0.016747211,0.00307285,0.739800832,NMD_affected
ENSG00000104904,OAZ1,ENSG00000104904_iso1,0.037401585,0.07943853,0.380873492,Domain_loss;ORF_lengthening;ORF_shortening
ENSG00000180304,OAZ2,ENSG00000180304_iso1,0.0457599,0.006824665,0.370199566,signal_peptide_affected;Domain_gain;NMD_affected
ENSG00000145247,OCIAD2,ENSG00000145247_iso1,0.028231084,0.09905363,0.52395628,Domain_loss;NMD_affected
ENSG00000123353,ORMDL2,ENSG00000123353_iso1,0.003435491,0.052627115,0.60693548,Domain_gain
ENSG00000198856,OSTC,ENSG00000198856_iso1,0.038201884,0.047026533,0.569864978,Domain_gain;signal_peptide_affected;Domain_loss
ENSG00000167770,OTUB1,ENSG00000167770_iso1,0.002128364,0.004212889,0.592555004,ORF_lengthening;ORF_shortening
ENSG00000185624,P4HB,ENSG00000185624_iso1,0.033922092,0.028113767,0.125726494,signal_peptide_affected;ORF_shortening
ENSG00000120727,PAIP2,ENSG00000120727_iso1,0.045191257,0.049998099,0.34283141,NMD_affected;Domain_gain;ORF_lengthening
ENSG00000282228,PAM16,ENSG00000282228_iso1,0.016965086,0.095566341,0.287683521,NMD_affected
ENSG00000116288,PARK7,ENSG00000116288_iso1,0.042765326,0.009696124,0.449113259,transmembrane_affected;signal_peptide_affected
ENSG00000197111,PCBP2,ENSG00000197111_iso1,0.008681521,0.03523246,0.359743841,ORF_lengthening;Domain_gain;transmembrane_affected
ENSG00000166803,PCLAF,ENSG00000166803_iso1,0.032618331,0.063910142,0.399584821,signal_peptide_affected;ORF_shortening;NMD_affected
ENSG00000120265,PCMT1,ENSG00000120265_iso1,0.0172657,0.04894177,0.400071827,signal_peptide_affected
ENSG00000081154,PCNP,ENSG00000081154_iso1,0.000458829,0.062507382,0.61956082,ORF_lengthening;ORF_shortening;Domain_loss
ENSG00000105185,PDCD5,ENSG00000105185_iso1,0.008496454,0.063637117,0.558963721,ORF_lengthening
ENSG00000120509,PDZD11,ENSG00000120509_iso1,0.012062352,0.082560522,0.14428627,ORF_lengthening;Domain_gain
ENSG00000143256,PFDN2,ENSG00000143256_iso1,0.041954784,0.07581436,0.756272988,transmembrane_affected
ENSG00000101132,PFDN4,ENSG00000101132_iso1,0.012911085,0.008535284,0.530454182,signal_peptide_affected;transmembrane_affected;Domain_gain
ENSG00000291834,PFDN5,ENSG00000291834_iso1,0.012769115,0.003349149,0.21987945,NMD_affected
ENSG00000123349,PFDN5,ENSG00000123349_iso1,0.044107319,0.072086209,0.598234115,Domain_gain
ENSG00000108518,PFN1,ENSG00000108518_iso1,0.009972902,0.044406572,0.137129271,Domain_loss;transmembrane_affected;Domain_gain
ENSG00000167085,PHB1,ENSG00000167085_iso1,0.046597375,0.054374237,0.267543163,Domain_loss;signal_peptide_affected;ORF_shortening
ENSG00000215021,PHB2,ENSG00000215021_iso1,0.049542962,0.09173338,0.541394955,NMD_affected;Domain_loss
ENSG00000054148,PHPT1,ENSG00000054148_iso1,0.006684047,0.085032712,0.717902002,ORF_lengthening
ENSG00000087842,PIR,ENSG00000087842_iso1,0.040944904,0.049690781,0.341262306,NMD_affected;ORF_shortening
ENSG00000186184,POLR1D,ENSG00000186184_iso1,0.029749159,0.081735858,0.695891414,Domain_loss
ENSG00000099817,POLR2E,ENSG00000099817_iso1,0.030042521,0.071744322,0.466246472,Domain_loss;signal_peptide_affected
ENSG00000100142,POLR2F,ENSG00000100142_iso1,0.025831206,0.0574437,0.359766618,Domain_gain
ENSG00000168002,POLR2G,ENSG00000168002_iso1,0.006133279,0.017257394,0.646161286,NMD_affected;Domain_gain;ORF_shortening
ENSG00000163882,POLR2H,ENSG00000163882_iso1,0.027252094,0.051597564,0.645279916,ORF_lengthening;transmembrane_affected;NMD_affected
ENSG00000105258,POLR2I,ENSG00000105258_iso1,0.026512844,0.063581038,0.593220797,transmembrane_affected
ENSG00000285437,POLR2J3,ENSG00000285437_iso1,0.024886078,0.054018316,0.764404388,transmembrane_affected
ENSG00000147669,POLR2K,ENSG00000147669_iso1,0.037995443,0.059401258,0.120617235,Domain_loss;ORF_lengthening;transmembrane_affected
ENSG00000132963,POMP,ENSG00000132963_iso1,0.047779724,0.071793774,0.509799453,ORF_shortening
ENSG00000167272,POP5,ENSG00000167272_iso1,0.018999398,0.04339397,0.56525109,signal_peptide_affected;transmembrane_affected
ENSG00000196262,PPIA,ENSG00000196262_iso1,0.036913664,0.028087488,0.747414332,transmembrane_affected;ORF_shortening;NMD_affected
ENSG00000166794,PPIB,ENSG00000166794_iso1,0.017800826,0.03667595,0.128135986,NMD_affected;signal_peptide_affected;Domain_loss
ENSG00000171960,PPIH,ENSG00000171960_iso1,0.029441311,0.073857375,0.265436242,ORF_lengthening;Domain_gain;NMD_affected
ENSG00000173457,PPP1R14B,ENSG00000173457_iso1,0.004684829,0.022205396,0.425227838,ORF_shortening
ENSG00000102103,PQBP1,ENSG00000102103_iso1,0.038904343,0.099569711,0.717398422,Domain_gain;signal_peptide_affected;Domain_loss
ENSG00000292208,PQBP1,ENSG00000292208_iso1,0.044258117,0.051754053,0.768733648,Domain_loss;ORF_shortening;NMD_affected
ENSG00000137509,PRCP,ENSG00000137509_iso1,0.007496655,0.001557271,0.598875005,transmembrane_affected;Domain_loss;ORF_shortening
ENSG00000117450,PRDX1,ENSG00000117450_iso1,0.040453179,0.041728293,0.115489228,Domain_gain
ENSG00000167815,PRDX2,ENSG00000167815_iso1,0.028919142,0.07050446,0.50381591,NMD_affected;Domain_gain
ENSG00000123131,PRDX4,ENSG00000123131_iso1,0.031538034,0.069089288,0.737314999,signal_peptide_affected;Domain_loss
ENSG00000126432,PRDX5,ENSG00000126432_iso1,0.040845684,0.010692633,0.524868342,ORF_shortening
ENSG00000117592,PRDX6,ENSG00000117592_iso1,0.042969899,0.00941081,0.708724644,NMD_affected
ENSG00000196504,PRPF40A,ENSG00000196504_iso1,0.03669671,0.077797706,0.386716998,ORF_lengthening;Domain_gain;signal_peptide_affected
ENSG00000205352,PRR13,ENSG00000205352_iso1,0.020293108,0.059092626,0.350577566,signal_peptide_affected
ENSG00000205155,PSENEN,ENSG00000205155_iso1,0.006760084,0.096854682,0.260529264,Domain_gain
ENSG00000129084,PSMA1,ENSG00000129084_iso1,0.046049762,0.016239737,0.313663159,ORF_lengthening;NMD_affected
ENSG00000106588,PSMA2,ENSG00000106588_iso1,0.009203807,0.044679016,0.605000702,ORF_shortening;NMD_affected;transmembrane_affected
ENSG00000100567,PSMA3,ENSG00000100567_iso1,0.03156812,0.040242088,0.275487626,Domain_gain;ORF_shortening;NMD_affected
ENSG00000041357,PSMA4,ENSG00000041357_iso1,0.024114947,0.096128674,0.68461813,signal_peptide_affected;ORF_shortening;Domain_gain
ENSG00000143106,PSMA5,ENSG00000143106_iso1,0.013312957,0.092573437,0.460316616,NMD_affected;ORF_lengthening
ENSG00000100902,PSMA6,ENSG00000100902_iso1,0.001148998,0.041923575,0.192916781,ORF_shortening
ENSG00000101182,PSMA7,ENSG00000101182_iso1,0.047193144,0.061364251,0.376071782,transmembrane_affected
ENSG00000126067,PSMB2,ENSG00000126067_iso1,0.018629248,0.028205602,0.11875073,transmembrane_affected;Domain_loss
ENSG00000275903,PSMB3,ENSG00000275903_iso1,0.017457999,0.002574699,0.766190015,ORF_lengthening;Domain_gain
ENSG00000277791,PSMB3,ENSG00000277791_iso1,0.042428073,0.023272404,0.241355302,Domain_loss;transmembrane_affected
ENSG00000159377,PSMB4,ENSG00000159377_iso1,0.031123449,0.058016242,0.116280874,ORF_shortening;Domain_loss;ORF_lengthening
ENSG00000100804,PSMB5,ENSG00000100804_iso1,0.045922783,0.000579333,0.791691492,signal_peptide_affected;Domain_gain;transmembrane_affected
ENSG00000142507,PSMB6,ENSG00000142507_iso1,0.025145319,0.000265887,0.324260747,NMD_affected
ENSG00000136930,PSMB7,ENSG00000136930_iso1,0.023804547,0.056582912,0.784005162,ORF_lengthening;signal_peptide_affected
ENSG00000087191,PSMC5,ENSG00000087191_iso1,0.025661461,0.035267665,0.121560493,Domain_gain
ENSG00000100519,PSMC6,ENSG00000100519_iso1,0.02549064,0.080344155,0.356459152,NMD_affected
ENSG00000159352,PSMD4,ENSG00000159352_iso1,0.018989376,0.024875825,0.154103832,ORF_shortening
ENSG00000103035,PSMD7,ENSG00000103035_iso1,0.034926604,0.011440846,0.642790806,ORF_lengthening
ENSG00000099341,PSMD8,ENSG00000099341_iso1,0.005862348,0.086507038,0.127845289,ORF_lengthening
ENSG00000110801,PSMD9,ENSG00000110801_iso1,0.029266196,0.085119407,0.465221224,ORF_lengthening
ENSG00000284916,PSME1,ENSG00000284916_iso1,0.008711337,0.014631572,0.327363634,ORF_shortening
ENSG00000092010,PSME1,ENSG00000092010_iso1,0.027309065,0.037210636,0.768077326,transmembrane_affected;Domain_gain;signal_peptide_affected
ENSG00000100911,PSME2,ENSG00000100911_iso1,0.030631777,0.047696906,0.386891184,transmembrane_affected;Domain_loss;Domain_gain
ENSG00000284889,PSME2,ENSG00000284889_iso1,0.016682145,0.060011316,0.382194697,transmembrane_affected;NMD_affected
ENSG00000125818,PSMF1,ENSG00000125818_iso1,0.042637004,0.070716464,0.422123321,Domain_gain
ENSG00000128789,PSMG2,ENSG00000128789_iso1,0.033996981,0.003377704,0.741797075,Domain_gain;transmembrane_affected;ORF_lengthening
ENSG00000204540,PSORS1C1,ENSG00000204540_iso1,0.002026098,0.006422521,0.28840234,Domain_loss;Domain_gain;transmembrane_affected
ENSG00000106853,PTGR1,ENSG00000106853_iso1,0.036222227,0.005648248,0.68755409,signal_peptide_affected;Domain_gain
ENSG00000187514,PTMA,ENSG00000187514_iso1,0.012006287,0.005316642,0.192929604,transmembrane_affected
ENSG00000110536,PTPMT1,ENSG00000110536_iso1,0.026025864,0.025954733,0.435904231,Domain_gain;ORF_shortening
ENSG00000150787,PTS,ENSG00000150787_iso1,0.048088972,0.083377644,0.727814433,signal_peptide_affected
ENSG00000164611,PTTG1,ENSG00000164611_iso1,0.020228295,0.059015998,0.192147879,Domain_loss;Domain_gain
ENSG00000103769,RAB11A,ENSG00000103769_iso1,0.044576169,0.078158834,0.77946025,transmembrane_affected
ENSG00000143545,RAB13,ENSG00000143545_iso1,0.044757668,0.064503532,0.645121711,ORF_shortening
ENSG00000105404,RABAC1,ENSG00000105404_iso1,0.02632169,0.084506561,0.309228015,transmembrane_affected;NMD_affected
ENSG00000137955,RABGGTB,ENSG00000137955_iso1,0.02230596,0.070646534,0.378612715,ORF_shortening
ENSG00000204628,RACK1,ENSG00000204628_iso1,0.005228243,0.09426404,0.719356887,Domain_loss;Domain_gain
ENSG00000006451,RALA,ENSG00000006451_iso1,0.029865606,0.038566791,0.454799096,ORF_lengthening;signal_peptide_affected
ENSG00000132341,RAN,ENSG00000132341_iso1,0.042488658,0.025161893,0.604286504,Domain_gain;transmembrane_affected;ORF_shortening
ENSG00000099901,RANBP1,ENSG00000099901_iso1,0.006409146,0.061646423,0.256041078,ORF_shortening;signal_peptide_affected
ENSG00000108961,RANGRF,ENSG00000108961_iso1,0.045581266,0.083840748,0.115151968,ORF_lengthening
ENSG00000100320,RBFOX2,ENSG00000100320_iso1,0.044749262,0.046059293,0.140990076,NMD_affected
ENSG00000176731,RBIS,ENSG00000176731_iso1,0.013588598,0.031939549,0.149450436,NMD_affected;ORF_shortening;Domain_gain
ENSG00000173933,RBM4,ENSG00000173933_iso1,0.028903473,0.065414262,0.185096543,signal_peptide_affected
ENSG00000147274,RBMX,ENSG00000147274_iso1,0.011581024,0.031438897,0.554942675,Domain_gain;ORF_shortening
ENSG00000100387,RBX1,ENSG00000100387_iso1,0.002303941,0.04350865,0.137081536,NMD_affected
ENSG00000049449,RCN1,ENSG00000049449_iso1,0.036307122,0.022187741,0.564809465,ORF_shortening
ENSG00000129625,REEP5,ENSG00000129625_iso1,0.000589484,0.067236884,0.351705035,ORF_lengthening
ENSG00000157916,RER1,ENSG00000157916_iso1,0.003096247,0.061812342,0.70630715,NMD_affected;ORF_shortening;transmembrane_affected
ENSG00000076043,REXO2,ENSG00000076043_iso1,0.016850617,0.048268385,0.537635795,signal_peptide_affected;ORF_lengthening;Domain_gain
ENSG00000155366,RHOC,ENSG00000155366_iso1,0.003168338,0.049599081,0.686556493,transmembrane_affected
ENSG00000129538,RNASE1,ENSG00000129538_iso1,0.009951872,0.013201914,0.373681621,ORF_shortening
ENSG00000172922,RNASEH2C,ENSG00000172922_iso1,0.015352749,0.070828464,0.205567492,NMD_affected;transmembrane_affected
ENSG00000219200,RNASEK,ENSG00000219200_iso1,0.046087755,0.023406522,0.755879846,transmembrane_affected;ORF_shortening;NMD_affected
ENSG00000161939,RNASEK-C17orf49,ENSG00000161939_iso1,0.025536903,0.076085245,0.243586513,NMD_affected;signal_peptide_affected
ENSG00000168894,RNF181,ENSG00000168894_iso1,0.040213018,0.099465276,0.575028268,Domain_gain
ENSG00000114125,RNF7,ENSG00000114125_iso1,0.025269674,0.055991325,0.4675483,ORF_lengthening;ORF_shortening
ENSG00000023191,RNH1,ENSG00000023191_iso1,0.030486727,0.021657867,0.669408605,transmembrane_affected;Domain_loss;ORF_shortening
ENSG00000276230,RNH1,ENSG00000276230_iso1,0.026883657,0.025586368,0.160872854,ORF_shortening;transmembrane_affected
ENSG00000129197,RPAIN,ENSG00000129197_iso1,0.028073974,0.071631684,0.32227285,ORF_lengthening;transmembrane_affected
ENSG00000147403,RPL10,ENSG00000147403_iso1,0.035259649,0.006071365,0.453074476,NMD_affected
ENSG00000142676,RPL11,ENSG00000142676_iso1,0.046369355,0.039118908,0.524234831,ORF_shortening
ENSG00000197958,RPL12,ENSG00000197958_iso1,0.040170604,0.058721665,0.473023557,transmembrane_affected;ORF_lengthening
ENSG00000167526,RPL13,ENSG00000167526_iso1,0.007004722,0.088271407,0.674588087,ORF_lengthening;Domain_loss;NMD_affected
ENSG00000142541,RPL13A,ENSG00000142541_iso1,0.012516087,0.092405824,0.627544857,ORF_lengthening
ENSG00000188846,RPL14,ENSG00000188846_iso1,0.022673107,0.028572999,0.470894894,transmembrane_affected;Domain_gain
ENSG00000174748,RPL15,ENSG00000174748_iso1,0.037105213,0.098195416,0.412488092,ORF_shortening;NMD_affected;Domain_loss
ENSG00000265681,RPL17,ENSG00000265681_iso1,0.027530615,0.08413438,0.52594615,Domain_loss
ENSG00000215472,RPL17-C18orf32,ENSG00000215472_iso1,0.02312446,0.049337574,0.542191715,NMD_affected
ENSG00000063177,RPL18,ENSG00000063177_iso1,0.014866031,0.018942878,0.23609769,signal_peptide_affected;ORF_lengthening
ENSG00000105640,RPL18A,ENSG00000105640_iso1,0.011800496,0.069854129,0.57442812,NMD_affected;signal_peptide_affected
ENSG00000122026,RPL21,ENSG00000122026_iso1,0.00126373,0.010504751,0.367028711,transmembrane_affected
ENSG00000116251,RPL22,ENSG00000116251_iso1,0.010054318,0.059758739,0.197565703,transmembrane_affected;ORF_lengthening
ENSG00000163584,RPL22L1,ENSG00000163584_iso1,0.022246137,0.03803122,0.259113075,ORF_lengthening;Domain_gain;Domain_loss
ENSG00000125691,RPL23,ENSG00000125691_iso1,0.02293451,0.063867913,0.360313254,ORF_lengthening;ORF_shortening;NMD_affected
ENSG00000198242,RPL23A,ENSG00000198242_iso1,0.029683702,0.071392024,0.769388545,signal_peptide_affected
ENSG00000114391,RPL24,ENSG00000114391_iso1,0.036399098,0.010097373,0.315856982,signal_peptide_affected;ORF_lengthening
ENSG00000161970,RPL26,ENSG00000161970_iso1,0.037725719,0.03514302,0.529769748,ORF_shortening;transmembrane_affected;NMD_affected
ENSG00000131469,RPL27,ENSG00000131469_iso1,0.005344064,0.011372372,0.376892913,NMD_affected;Domain_gain
ENSG00000166441,RPL27A,ENSG00000166441_iso1,0.048799777,0.028722726,0.781178662,NMD_affected
ENSG00000108107,RPL28,ENSG00000108107_iso1,0.049822672,0.080659065,0.6853276,Domain_gain;ORF_lengthening;NMD_affected
ENSG00000162244,RPL29,ENSG00000162244_iso1,0.01769804,0.007921912,0.42320968,NMD_affected;Domain_gain
ENSG00000100316,RPL3,ENSG00000100316_iso1,0.024351909,0.008335302,0.272481839,ORF_shortening;ORF_lengthening
ENSG00000156482,RPL30,ENSG00000156482_iso1,0.004332559,0.052117038,0.326230119,Domain_gain;signal_peptide_affected
ENSG00000071082,RPL31,ENSG00000071082_iso1,0.004816828,0.00020748,0.473197491,signal_peptide_affected;ORF_shortening
ENSG00000144713,RPL32,ENSG00000144713_iso1,0.038116622,0.039648464,0.105353543,Domain_loss;signal_peptide_affected;Domain_gain
ENSG00000109475,RPL34,ENSG00000109475_iso1,0.027346468,0.049340712,0.701471785,Domain_gain;ORF_lengthening;ORF_shortening
ENSG00000136942,RPL35,ENSG00000136942_iso1,0.029760997,0.071341119,0.288295302,transmembrane_affected;Domain_loss
ENSG00000182899,RPL35A,ENSG00000182899_iso1,0.001029187,0.074837506,0.744900293,ORF_lengthening;ORF_shortening;Domain_gain
ENSG00000241343,RPL36A,ENSG00000241343_iso1,0.044607226,0.033174534,0.654888905,NMD_affected;transmembrane_affected;Domain_gain
ENSG00000257529,RPL36A-HNRNPH2,ENSG00000257529_iso1,0.002024639,5.88E-05,0.598352404,NMD_affected
ENSG00000145592,RPL37,ENSG00000145592_iso1,0.038592908,0.094987047,0.504035262,ORF_lengthening
ENSG00000198918,RPL39,ENSG00000198918_iso1,0.013452974,0.005571955,0.463763083,ORF_lengthening;signal_peptide_affected;ORF_shortening
ENSG00000174444,RPL4,ENSG00000174444_iso1,0.041518239,0.02586467,0.33960785,ORF_shortening
ENSG00000229117,RPL41,ENSG00000229117_iso1,0.0119184,0.004919689,0.25779529,Domain_gain
ENSG00000122406,RPL5,ENSG00000122406_iso1,0.009816812,0.068848206,0.243896283,NMD_affected;Domain_loss;ORF_shortening
ENSG00000089009,RPL6,ENSG00000089009_iso1,0.012935601,0.000712858,0.254896536,NMD_affected;transmembrane_affected
ENSG00000147604,RPL7,ENSG00000147604_iso1,0.033455246,0.048162051,0.675976575,ORF_shortening
ENSG00000280858,RPL7A,ENSG00000280858_iso1,0.021793363,0.080441344,0.765832017,NMD_affected;Domain_loss
ENSG00000148303,RPL7A,ENSG00000148303_iso1,0.035251354,0.036332967,0.129330495,signal_peptide_affected;transmembrane_affected
ENSG00000161016,RPL8,ENSG00000161016_iso1,0.019823118,0.000603071,0.332630095,ORF_shortening
ENSG00000163682,RPL9,ENSG00000163682_iso1,0.039774536,0.033330445,0.442884194,signal_peptide_affected
ENSG00000089157,RPLP0,ENSG00000089157_iso1,0.020792751,0.068816509,0.532235921,NMD_affected;ORF_shortening
ENSG00000137818,RPLP1,ENSG00000137818_iso1,0.030228619,0.046457672,0.672087931,Domain_gain;transmembrane_affected;ORF_lengthening
ENSG00000177600,RPLP2,ENSG00000177600_iso1,0.01732843,0.08337022,0.333510005,transmembrane_affected;ORF_lengthening;ORF_shortening
ENSG00000239927,RPP21,ENSG00000239927_iso1,0.019721041,0.027453645,0.694886239,signal_peptide_affected
ENSG00000241370,RPP21,ENSG00000241370_iso1,0.024821628,0.097529555,0.64388178,NMD_affected;Domain_gain;signal_peptide_affected
ENSG00000239865,RPP21,ENSG00000239865_iso1,0.036354555,0.083440193,0.2156599,ORF_lengthening;signal_peptide_affected
ENSG00000241863,RPP21,ENSG00000241863_iso1,0.032096674,0.062372014,0.273497185,Domain_loss;signal_peptide_affected
ENSG00000124614,RPS10,ENSG00000124614_iso1,0.025108931,0.032389846,0.494412288,ORF_lengthening
ENSG00000142534,RPS11,ENSG00000142534_iso1,0.02120833,0.086325107,0.632634023,Domain_gain;Domain_loss
ENSG00000110700,RPS13,ENSG00000110700_iso1,0.015559484,0.063385013,0.129389808,transmembrane_affected;Domain_gain;ORF_lengthening
ENSG00000164587,RPS14,ENSG00000164587_iso1,0.018242888,0.080045646,0.774585503,Domain_loss
ENSG00000115268,RPS15,ENSG00000115268_iso1,0.043661665,0.093292376,0.751965955,Domain_gain;transmembrane_affected
ENSG00000134419,RPS15A,ENSG00000134419_iso1,0.012604289,0.068907036,0.525990851,signal_peptide_affected;Domain_gain
ENSG00000105193,RPS16,ENSG00000105193_iso1,0.016580732,0.036408662,0.668425167,signal_peptide_affected
ENSG00000182774,RPS17,ENSG00000182774_iso1,0.022744454,0.073393136,0.411793492,transmembrane_affected;ORF_shortening;signal_peptide_affected
ENSG00000278229,RPS17,ENSG00000278229_iso1,0.03480315,0.067117747,0.39927805,ORF_shortening;signal_peptide_affected;NMD_affected
ENSG00000235650,RPS18,ENSG00000235650_iso1,0.036988729,0.035210205,0.377726631,ORF_shortening
ENSG00000096150,RPS18,ENSG00000096150_iso1,0.04959628,0.082768328,0.436852541,ORF_lengthening
ENSG00000226225,RPS18,ENSG00000226225_iso1,0.033864241,0.019229495,0.778429373,Domain_loss;ORF_lengthening;signal_peptide_affected
ENSG00000223367,RPS18,ENSG00000223367_iso1,0.040827209,0.009690293,0.217835543,NMD_affected;Domain_gain
ENSG00000231500,RPS18,ENSG00000231500_iso1,0.04218876,0.069894258,0.358870353,transmembrane_affected
ENSG00000291931,RPS2,ENSG00000291931_iso1,0.007898234,0.072905156,0.232776149,signal_peptide_affected;ORF_shortening
ENSG00000140988,RPS2,ENSG00000140988_iso1,0.026716334,0.017783732,0.617627053,signal_peptide_affected;NMD_affected
ENSG00000008988,RPS20,ENSG00000008988_iso1,0.023334231,0.034433689,0.71564857,Domain_loss;Domain_gain
ENSG00000186468,RPS23,ENSG00000186468_iso1,0.018762206,0.070411098,0.690506852,ORF_shortening;ORF_lengthening
ENSG00000138326,RPS24,ENSG00000138326_iso1,0.012622849,0.029742435,0.253380023,transmembrane_affected
ENSG00000118181,RPS25,ENSG00000118181_iso1,0.012464289,0.089814672,0.794501172,ORF_lengthening;signal_peptide_affected
ENSG00000280831,RPS25,ENSG00000280831_iso1,0.0052646,0.069168842,0.775494945,Domain_loss
ENSG00000177954,RPS27,ENSG00000177954_iso1,0.012540886,0.077203382,0.355120396,ORF_shortening;Domain_loss
ENSG00000143947,RPS27A,ENSG00000143947_iso1,0.016658887,0.013045836,0.680055258,transmembrane_affected;ORF_shortening;Domain_gain
ENSG00000185088,RPS27L,ENSG00000185088_iso1,0.036577109,0.06333495,0.674460936,ORF_shortening
ENSG00000233927,RPS28,ENSG00000233927_iso1,0.042307556,0.080052559,0.293537455,Domain_loss;transmembrane_affected
ENSG00000213741,RPS29,ENSG00000213741_iso1,0.03827264,0.05847485,0.135560602,NMD_affected;ORF_lengthening;signal_peptide_affected
ENSG00000149273,RPS3,ENSG00000149273_iso1,0.015833394,0.057629703,0.290582437,transmembrane_affected;NMD_affected;Domain_loss
ENSG00000145425,RPS3A,ENSG00000145425_iso1,0.036132356,0.007059342,0.424458023,Domain_loss;transmembrane_affected;Domain_gain
ENSG00000292158,RPS3A,ENSG00000292158_iso1,0.047285578,0.007098974,0.170579233,Domain_gain;transmembrane_affected
ENSG00000198034,RPS4X,ENSG00000198034_iso1,0.015616362,0.049039573,0.421638225,signal_peptide_affected
ENSG00000083845,RPS5,ENSG00000083845_iso1,0.030816201,0.095529999,0.620273897,ORF_shortening;NMD_affected;transmembrane_affected
ENSG00000137154,RPS6,ENSG00000137154_iso1,0.016726256,0.030449913,0.440891313,ORF_lengthening;NMD_affected
ENSG00000171863,RPS7,ENSG00000171863_iso1,0.003756929,0.000806184,0.19420242,ORF_lengthening;transmembrane_affected
ENSG00000142937,RPS8,ENSG00000142937_iso1,0.017456043,0.078424082,0.466168594,transmembrane_affected;ORF_lengthening;ORF_shortening
ENSG00000170889,RPS9,ENSG00000170889_iso1,0.013034177,0.096472682,0.673751945,ORF_shortening;NMD_affected
ENSG00000274950,RPS9,ENSG00000274950_iso1,0.017819933,0.056347885,0.341487155,signal_peptide_affected;ORF_lengthening;NMD_affected
ENSG00000278270,RPS9,ENSG00000278270_iso1,0.032572907,0.06649085,0.205876241,ORF_shortening;Domain_loss;ORF_lengthening
ENSG00000277079,RPS9,ENSG00000277079_iso1,0.015131525,0.012490842,0.545493906,Domain_loss;transmembrane_affected
ENSG00000277359,RPS9,ENSG00000277359_iso1,0.0301403,0.017656438,0.16823536,signal_peptide_affected;ORF_lengthening;Domain_loss
ENSG00000274626,RPS9,ENSG00000274626_iso1,0.032403155,0.047972122,0.275289443,signal_peptide_affected;Domain_gain;Domain_loss
ENSG00000278081,RPS9,ENSG00000278081_iso1,0.001511559,0.041125833,0.318953751,NMD_affected;ORF_shortening;Domain_loss
ENSG00000275323,RPS9,ENSG00000275323_iso1,0.01133252,0.019195151,0.114653028,NMD_affected
ENSG00000274005,RPS9,ENSG00000274005_iso1,0.009483826,0.003568678,0.469411339,ORF_shortening;NMD_affected;Domain_loss
ENSG00000274646,RPS9,ENSG00000274646_iso1,0.030007813,0.028049307,0.758660062,transmembrane_affected;ORF_lengthening;ORF_shortening
ENSG00000168028,RPSA,ENSG00000168028_iso1,0.04760997,0.015835436,0.275759255,ORF_shortening;Domain_loss
ENSG00000137876,RSL24D1,ENSG00000137876_iso1,0.034904661,0.034891289,0.707646356,NMD_affected;ORF_lengthening
ENSG00000087302,RTRAF,ENSG00000087302_iso1,0.027033005,0.082449698,0.319308014,Domain_loss;Domain_gain
ENSG00000197747,S100A10,ENSG00000197747_iso1,0.031677451,0.089285684,0.153926829,NMD_affected
ENSG00000163191,S100A11,ENSG00000163191_iso1,0.038161521,0.022021169,0.42341719,NMD_affected
ENSG00000197956,S100A6,ENSG00000197956_iso1,0.030825803,0.041539411,0.760415322,signal_peptide_affected;ORF_lengthening
ENSG00000170989,S1PR1,ENSG00000170989_iso1,0.001979748,0.018728005,0.784115305,ORF_lengthening
ENSG00000150459,SAP18,ENSG00000150459_iso1,0.03626873,0.071337545,0.78501852,Domain_gain
ENSG00000079332,SAR1A,ENSG00000079332_iso1,0.036797791,0.09781736,0.188605423,NMD_affected;signal_peptide_affected
ENSG00000205323,SARNP,ENSG00000205323_iso1,0.022441324,0.060423382,0.560490738,ORF_lengthening
ENSG00000031698,SARS1,ENSG00000031698_iso1,0.049039136,0.047673077,0.383338165,signal_peptide_affected;ORF_shortening;Domain_loss
ENSG00000130066,SAT1,ENSG00000130066_iso1,0.003417359,0.050409004,0.783670388,signal_peptide_affected;Domain_loss
ENSG00000132581,SDF2,ENSG00000132581_iso1,0.027369558,0.014903512,0.232739794,Domain_gain;ORF_shortening;transmembrane_affected
ENSG00000117118,SDHB,ENSG00000117118_iso1,0.026451838,0.065621816,0.55848399,ORF_lengthening;signal_peptide_affected
ENSG00000140612,SEC11A,ENSG00000140612_iso1,0.025241016,0.09386018,0.61612151,ORF_shortening;signal_peptide_affected;Domain_loss
ENSG00000166562,SEC11C,ENSG00000166562_iso1,0.004400706,0.025829849,0.586726078,transmembrane_affected
ENSG00000157020,SEC13,ENSG00000157020_iso1,0.017062731,0.029155824,0.322904188,Domain_loss;ORF_shortening;signal_peptide_affected
ENSG00000106803,SEC61B,ENSG00000106803_iso1,0.005988148,0.033718369,0.689520268,NMD_affected
ENSG00000211450,SELENOH,ENSG00000211450_iso1,0.043230956,0.029828788,0.471123192,Domain_gain;transmembrane_affected
ENSG00000178980,SELENOW,ENSG00000178980_iso1,0.03339017,0.095909468,0.256288952,ORF_lengthening;Domain_gain
ENSG00000127922,SEM1,ENSG00000127922_iso1,0.018666113,0.069395131,0.35249143,signal_peptide_affected;NMD_affected
ENSG00000168385,SEPTIN2,ENSG00000168385_iso1,0.006194639,0.091072995,0.538057229,signal_peptide_affected
ENSG00000140264,SERF2,ENSG00000140264_iso1,0.04584552,0.083095002,0.102983843,ORF_shortening
ENSG00000115524,SF3B1,ENSG00000115524_iso1,0.044970077,0.091721348,0.348990489,signal_peptide_affected
ENSG00000115128,SF3B6,ENSG00000115128_iso1,0.00099748,0.098378311,0.751266287,Domain_loss;Domain_gain
ENSG00000225383,SFTA1P,ENSG00000225383_iso1,0.004063688,0.017789945,0.458370814,ORF_shortening;ORF_lengthening
ENSG00000142669,SH3BGRL3,ENSG00000142669_iso1,0.040153004,0.068164668,0.666984342,ORF_lengthening
ENSG00000292165,SH3D19,ENSG00000292165_iso1,0.040086907,0.0680339,0.255688944,ORF_lengthening
ENSG00000109686,SH3D19,ENSG00000109686_iso1,0.012275929,0.039442945,0.43578103,transmembrane_affected;ORF_shortening
ENSG00000184990,SIVA1,ENSG00000184990_iso1,0.026700902,0.084576372,0.110201088,ORF_shortening
ENSG00000182628,SKA2,ENSG00000182628_iso1,0.008492427,0.094270585,0.560842427,Domain_gain
ENSG00000140395,SKIC8,ENSG00000140395_iso1,0.007254166,0.043647671,0.64157598,ORF_shortening;Domain_loss;Domain_gain
ENSG00000113558,SKP1,ENSG00000113558_iso1,0.011654633,0.026003261,0.77829119,Domain_loss;ORF_lengthening;Domain_gain
ENSG00000075415,SLC25A3,ENSG00000075415_iso1,0.013175791,0.007015056,0.245134477,Domain_loss
ENSG00000119705,SLIRP,ENSG00000119705_iso1,0.002040656,0.025772161,0.775794302,NMD_affected;signal_peptide_affected
ENSG00000272901,SMDT1,ENSG00000272901_iso1,0.019538197,0.067510725,0.134138412,transmembrane_affected;NMD_affected
ENSG00000272835,SMDT1,ENSG00000272835_iso1,0.03044608,0.004386421,0.755355226,ORF_shortening;transmembrane_affected;Domain_loss
ENSG00000183172,SMDT1,ENSG00000183172_iso1,0.012782576,0.083062075,0.321319305,signal_peptide_affected;Domain_gain;ORF_lengthening
ENSG00000274112,SMDT1,ENSG00000274112_iso1,0.038530725,0.064595404,0.650452126,Domain_loss;NMD_affected;Domain_gain
ENSG00000143553,SNAPIN,ENSG00000143553_iso1,0.039067446,0.07859102,0.625610139,transmembrane_affected
ENSG00000145335,SNCA,ENSG00000145335_iso1,0.007726935,0.090217616,0.504026258,Domain_gain;ORF_lengthening
ENSG00000232956,SNHG15,ENSG00000232956_iso1,0.022331825,0.001375944,0.396782019,Domain_gain
ENSG00000163597,SNHG16,ENSG00000163597_iso1,0.002345024,0.031155104,0.637470176,NMD_affected;transmembrane_affected
ENSG00000175061,SNHG29,ENSG00000175061_iso1,0.038127821,0.096095182,0.601536759,transmembrane_affected
ENSG00000206380,SNHG32,ENSG00000206380_iso1,0.005162462,0.004190975,0.17662111,ORF_shortening;transmembrane_affected;signal_peptide_affected
ENSG00000203875,SNHG5,ENSG00000203875_iso1,0.008369866,0.077887806,0.704505149,signal_peptide_affected
ENSG00000161981,SNRNP25,ENSG00000161981_iso1,0.022495677,0.082137572,0.100911015,Domain_loss;Domain_gain;ORF_shortening
ENSG00000124380,SNRNP27,ENSG00000124380_iso1,0.022638098,0.081830311,0.549425484,ORF_lengthening;Domain_loss;signal_peptide_affected
ENSG00000131876,SNRPA1,ENSG00000131876_iso1,0.008019112,0.065693652,0.515294052,NMD_affected
ENSG00000124562,SNRPC,ENSG00000124562_iso1,0.046274298,0.090562319,0.766259766,ORF_lengthening
ENSG00000167088,SNRPD1,ENSG00000167088_iso1,0.042337044,0.099616798,0.272207815,signal_peptide_affected;transmembrane_affected
ENSG00000125743,SNRPD2,ENSG00000125743_iso1,0.034734478,0.059835328,0.387751316,transmembrane_affected
ENSG00000182004,SNRPE,ENSG00000182004_iso1,0.047420212,0.052728707,0.603354603,Domain_loss;Domain_gain
ENSG00000139343,SNRPF,ENSG00000139343_iso1,0.009418189,0.024315233,0.747398826,transmembrane_affected;signal_peptide_affected
ENSG00000143977,SNRPG,ENSG00000143977_iso1,0.027107137,0.074894805,0.537534555,ORF_shortening;signal_peptide_affected
ENSG00000128739,SNRPN,ENSG00000128739_iso1,0.018868828,0.087560322,0.409209349,Domain_gain;signal_peptide_affected;ORF_lengthening
ENSG00000100138,SNU13,ENSG00000100138_iso1,0.004744634,0.093403927,0.787612293,ORF_shortening;ORF_lengthening
ENSG00000142168,SOD1,ENSG00000142168_iso1,0.007171741,0.098689095,0.776376545,ORF_lengthening;transmembrane_affected
ENSG00000291237,SOD2,ENSG00000291237_iso1,0.003283585,0.045893897,0.456375296,transmembrane_affected
ENSG00000114902,SPCS1,ENSG00000114902_iso1,0.034498212,0.013256014,0.160539508,Domain_gain;ORF_lengthening;ORF_shortening
ENSG00000118363,SPCS2,ENSG00000118363_iso1,0.028326896,0.085543517,0.442206482,NMD_affected;ORF_shortening;signal_peptide_affected
ENSG00000075142,SRI,ENSG00000075142_iso1,0.007671562,0.08449235,0.280314153,transmembrane_affected
ENSG00000140319,SRP14,ENSG00000140319_iso1,0.044903427,0.08241102,0.732166256,transmembrane_affected
ENSG00000153037,SRP19,ENSG00000153037_iso1,0.034645709,0.075702873,0.156032183,ORF_shortening;transmembrane_affected;NMD_affected
ENSG00000112081,SRSF3,ENSG00000112081_iso1,0.042118021,0.009531413,0.690822408,ORF_shortening;NMD_affected;transmembrane_affected
ENSG00000115875,SRSF7,ENSG00000115875_iso1,0.00623969,0.045268334,0.768936338,Domain_gain;ORF_lengthening
ENSG00000008324,SS18L2,ENSG00000008324_iso1,0.028176468,0.094561215,0.379860773,Domain_gain
ENSG00000106028,SSBP1,ENSG00000106028_iso1,0.038609362,0.021907258,0.30895397,signal_peptide_affected;NMD_affected
ENSG00000157216,SSBP3,ENSG00000157216_iso1,0.036533795,0.037699817,0.231729067,ORF_lengthening;signal_peptide_affected
ENSG00000176101,SSNA1,ENSG00000176101_iso1,0.008924501,0.06514893,0.227936687,signal_peptide_affected
ENSG00000163479,SSR2,ENSG00000163479_iso1,0.048551104,0.076930465,0.25976492,transmembrane_affected
ENSG00000114850,SSR3,ENSG00000114850_iso1,0.020974452,0.075634134,0.433296172,Domain_loss
ENSG00000180879,SSR4,ENSG00000180879_iso1,0.037075117,0.024689615,0.111396475,Domain_gain;signal_peptide_affected;Domain_loss
ENSG00000160075,SSU72,ENSG00000160075_iso1,0.023489918,0.052791477,0.669970335,Domain_loss
ENSG00000164211,STARD4,ENSG00000164211_iso1,0.037657125,0.011679198,0.133703709,transmembrane_affected;ORF_shortening
ENSG00000117632,STMN1,ENSG00000117632_iso1,0.02658577,0.073131197,0.768741573,Domain_gain
ENSG00000165283,STOML2,ENSG00000165283_iso1,0.019342516,0.031605819,0.445214136,ORF_shortening;signal_peptide_affected
ENSG00000170310,STX8,ENSG00000170310_iso1,0.004660402,0.048263253,0.196315763,NMD_affected;signal_peptide_affected;ORF_shortening
ENSG00000113387,SUB1,ENSG00000113387_iso1,0.020861544,0.037152083,0.752758208,ORF_lengthening;transmembrane_affected;Domain_loss
ENSG00000163541,SUCLG1,ENSG00000163541_iso1,0.018607997,0.038044392,0.590032753,signal_peptide_affected;ORF_shortening;transmembrane_affected
ENSG00000116030,SUMO1,ENSG00000116030_iso1,0.038983375,0.089391498,0.433192001,Domain_gain;NMD_affected;ORF_shortening
ENSG00000188612,SUMO2,ENSG00000188612_iso1,0.021467155,0.060417376,0.1673402,signal_peptide_affected;Domain_gain
ENSG00000184900,SUMO3,ENSG00000184900_iso1,0.014461232,0.07000482,0.144317239,signal_peptide_affected;ORF_lengthening;NMD_affected
ENSG00000213246,SUPT4H1,ENSG00000213246_iso1,0.027852876,0.078471058,0.108508031,NMD_affected;Domain_loss;ORF_lengthening
ENSG00000198168,SVIP,ENSG00000198168_iso1,0.019981622,0.038486493,0.334588601,Domain_loss;ORF_lengthening
ENSG00000175854,SWI5,ENSG00000175854_iso1,0.00866661,0.019263345,0.791845023,NMD_affected;signal_peptide_affected
ENSG00000008282,SYPL1,ENSG00000008282_iso1,0.026572861,0.075494085,0.122882106,ORF_lengthening;Domain_gain
ENSG00000166012,TAF1D,ENSG00000166012_iso1,0.033370819,0.003926746,0.583941938,NMD_affected
ENSG00000276463,TAF9,ENSG00000276463_iso1,0.048391327,0.083746835,0.44016746,transmembrane_affected
ENSG00000273841,TAF9,ENSG00000273841_iso1,0.024859164,0.015408447,0.155146483,ORF_lengthening;NMD_affected;Domain_loss
ENSG00000177156,TALDO1,ENSG00000177156_iso1,0.008830244,0.088672884,0.174668503,signal_peptide_affected;NMD_affected;Domain_loss
ENSG00000171530,TBCA,ENSG00000171530_iso1,0.043632945,0.063660892,0.150455373,Domain_loss;transmembrane_affected
ENSG00000185222,TCEAL9,ENSG00000185222_iso1,0.041684891,0.031166207,0.131431729,Domain_loss;ORF_lengthening
ENSG00000120438,TCP1,ENSG00000120438_iso1,0.001734255,0.005121253,0.178976569,signal_peptide_affected;Domain_gain
ENSG00000099797,TECR,ENSG00000099797_iso1,0.016070394,0.075370163,0.518241621,signal_peptide_affected;transmembrane_affected
ENSG00000198176,TFDP1,ENSG00000198176_iso1,0.018435257,0.030223962,0.234532624,Domain_loss;Domain_gain;signal_peptide_affected
ENSG00000003436,TFPI,ENSG00000003436_iso1,0.049266223,0.049071829,0.682243589,ORF_lengthening
ENSG00000105825,TFPI2,ENSG00000105825_iso1,0.00654016,0.089033521,0.281304815,ORF_lengthening;NMD_affected
ENSG00000163634,THOC7,ENSG00000163634_iso1,0.049085419,0.077439767,0.638958161,ORF_lengthening
ENSG00000206573,THUMPD3-AS1,ENSG00000206573_iso1,0.008279993,0.087806036,0.61268245,NMD_affected
ENSG00000151500,THYN1,ENSG00000151500_iso1,0.044223618,0.043056121,0.118589029,ORF_lengthening;NMD_affected
ENSG00000134809,TIMM10,ENSG00000134809_iso1,0.0170762,0.062575806,0.11269165,NMD_affected;Domain_gain
ENSG00000099800,TIMM13,ENSG00000099800_iso1,0.027938136,0.078956983,0.284308149,ORF_lengthening;Domain_gain
ENSG00000134375,TIMM17A,ENSG00000134375_iso1,0.029430712,0.000221805,0.674442722,ORF_lengthening
ENSG00000292215,TIMM17B,ENSG00000292215_iso1,0.04257188,0.054505697,0.706926003,ORF_shortening;ORF_lengthening;NMD_affected
ENSG00000126768,TIMM17B,ENSG00000126768_iso1,0.048808717,0.053108831,0.392089814,transmembrane_affected;ORF_shortening;ORF_lengthening
ENSG00000100575,TIMM9,ENSG00000100575_iso1,0.03768496,0.027500671,0.19074238,NMD_affected;Domain_loss
ENSG00000102265,TIMP1,ENSG00000102265_iso1,0.033557851,0.085401411,0.558921811,signal_peptide_affected;ORF_shortening;NMD_affected
ENSG00000169908,TM4SF1,ENSG00000169908_iso1,0.031403365,0.032194944,0.301107053,transmembrane_affected;NMD_affected
ENSG00000155957,TMBIM4,ENSG00000155957_iso1,0.032840986,0.017376479,0.23219078,Domain_gain;NMD_affected;Domain_loss
ENSG00000139644,TMBIM6,ENSG00000139644_iso1,0.041109934,0.011648415,0.613437818,Domain_gain
ENSG00000179029,TMEM107,ENSG00000179029_iso1,0.021443605,0.083808182,0.565662671,NMD_affected
ENSG00000178307,TMEM11,ENSG00000178307_iso1,0.015294901,0.055130465,0.452239535,ORF_shortening;NMD_affected;Domain_loss
ENSG00000171202,TMEM126A,ENSG00000171202_iso1,0.022685048,0.081122433,0.644535192,transmembrane_affected;Domain_gain;ORF_lengthening
ENSG00000244187,TMEM141,ENSG00000244187_iso1,0.044441413,0.000291081,0.138192395,ORF_lengthening;Domain_gain
ENSG00000105677,TMEM147,ENSG00000105677_iso1,0.038477294,0.033089154,0.209223568,transmembrane_affected
ENSG00000137210,TMEM14B,ENSG00000137210_iso1,0.021474727,0.031857325,0.602523209,signal_peptide_affected;ORF_shortening;ORF_lengthening
ENSG00000111843,TMEM14C,ENSG00000111843_iso1,0.004760731,0.070928268,0.438120005,ORF_lengthening
ENSG00000284936,TMEM14C,ENSG00000284936_iso1,0.030220964,0.039736116,0.176061867,signal_peptide_affected;NMD_affected
ENSG00000185475,TMEM179B,ENSG00000185475_iso1,0.037190775,0.075173207,0.32841,NMD_affected;signal_peptide_affected;Domain_gain
ENSG00000105518,TMEM205,ENSG00000105518_iso1,0.02541181,0.071492859,0.249699227,transmembrane_affected;Domain_gain
ENSG00000168701,TMEM208,ENSG00000168701_iso1,0.019511803,0.008436025,0.224932224,NMD_affected;Domain_gain
ENSG00000149932,TMEM219,ENSG00000149932_iso1,0.001233219,0.094925013,0.657330198,ORF_lengthening;ORF_shortening;Domain_gain
ENSG00000283771,TMEM256,ENSG00000283771_iso1,0.047043614,0.030143476,0.21615439,ORF_lengthening
ENSG00000205544,TMEM256,ENSG00000205544_iso1,0.016420095,0.013232751,0.222962619,NMD_affected
ENSG00000183726,TMEM50A,ENSG00000183726_iso1,0.008402309,0.059308401,0.640527396,ORF_shortening
ENSG00000116209,TMEM59,ENSG00000116209_iso1,0.004279448,0.021980258,0.519407938,ORF_lengthening;Domain_loss
ENSG00000109084,TMEM97,ENSG00000109084_iso1,0.022696747,0.017250408,0.149760662,signal_peptide_affected;Domain_gain
ENSG00000205542,TMSB4X,ENSG00000205542_iso1,0.039265732,0.080613942,0.209176162,NMD_affected
ENSG00000083312,TNPO1,ENSG00000083312_iso1,0.044706146,0.093173088,0.541475148,ORF_lengthening;transmembrane_affected;ORF_shortening
ENSG00000100216,TOMM22,ENSG00000100216_iso1,0.048489588,0.064685209,0.198974517,ORF_shortening;NMD_affected;signal_peptide_affected
ENSG00000175768,TOMM5,ENSG00000175768_iso1,0.011963607,0.019223108,0.61044767,signal_peptide_affected;Domain_gain;NMD_affected
ENSG00000196683,TOMM7,ENSG00000196683_iso1,0.046970596,0.047675565,0.40108299,transmembrane_affected;ORF_lengthening;signal_peptide_affected
ENSG00000111669,TPI1,ENSG00000111669_iso1,0.022435245,0.094303362,0.445957655,Domain_gain;transmembrane_affected
ENSG00000140416,TPM1,ENSG00000140416_iso1,0.045948096,0.069067754,0.405662985,Domain_gain;ORF_shortening;signal_peptide_affected
ENSG00000198467,TPM2,ENSG00000198467_iso1,0.025970102,0.068269427,0.33592945,signal_peptide_affected;NMD_affected
ENSG00000143549,TPM3,ENSG00000143549_iso1,0.006518555,0.071842142,0.460158807,transmembrane_affected;signal_peptide_affected;Domain_gain
ENSG00000167460,TPM4,ENSG00000167460_iso1,0.032840992,0.032935737,0.116906491,ORF_shortening;Domain_loss;transmembrane_affected
ENSG00000133112,TPT1,ENSG00000133112_iso1,0.021720778,0.053537013,0.447266982,Domain_loss;ORF_shortening
ENSG00000136527,TRA2B,ENSG00000136527_iso1,0.030335847,0.022143122,0.118729713,ORF_shortening
ENSG00000167515,TRAPPC2L,ENSG00000167515_iso1,0.036846389,0.081019201,0.393404304,ORF_lengthening
ENSG00000181029,TRAPPC5,ENSG00000181029_iso1,0.015498072,0.078365823,0.113719349,Domain_loss;ORF_shortening;transmembrane_affected
ENSG00000173113,TRMT112,ENSG00000173113_iso1,0.001566193,0.065538803,0.769827348,transmembrane_affected;ORF_lengthening;ORF_shortening
ENSG00000215845,TSTD1,ENSG00000215845_iso1,0.039801648,0.072301836,0.629162921,Domain_loss
ENSG00000167552,TUBA1A,ENSG00000167552_iso1,0.046577783,0.077031471,0.224742767,NMD_affected;Domain_loss;ORF_shortening
ENSG00000123416,TUBA1B,ENSG00000123416_iso1,0.016251695,0.024483013,0.13636257,ORF_lengthening;transmembrane_affected
ENSG00000224156,TUBB,ENSG00000224156_iso1,0.036843962,0.022509483,0.102960558,transmembrane_affected
ENSG00000235067,TUBB,ENSG00000235067_iso1,0.042241422,0.066997023,0.564823732,ORF_lengthening
ENSG00000196230,TUBB,ENSG00000196230_iso1,0.016761583,0.005592976,0.291340716,Domain_loss;ORF_lengthening;Domain_gain
ENSG00000229684,TUBB,ENSG00000229684_iso1,0.012755081,0.004262554,0.641112683,Domain_gain;signal_peptide_affected
ENSG00000176014,TUBB6,ENSG00000176014_iso1,0.028624358,0.099146442,0.613501245,Domain_gain;signal_peptide_affected;NMD_affected
ENSG00000136810,TXN,ENSG00000136810_iso1,0.037336212,0.043584266,0.521347379,transmembrane_affected
ENSG00000129235,TXNDC17,ENSG00000129235_iso1,0.007283203,0.044546782,0.142256275,ORF_lengthening;signal_peptide_affected;transmembrane_affected
ENSG00000091164,TXNL1,ENSG00000091164_iso1,0.030348705,0.081380207,0.294113888,ORF_shortening;NMD_affected;ORF_lengthening
ENSG00000141759,TXNL4A,ENSG00000141759_iso1,0.044825985,0.033709767,0.79048592,ORF_shortening
ENSG00000184470,TXNRD2,ENSG00000184470_iso1,0.022488895,0.064276129,0.558307102,signal_peptide_affected
ENSG00000221983,UBA52,ENSG00000221983_iso1,0.041274872,0.024611714,0.244829943,transmembrane_affected;Domain_gain
ENSG00000170315,UBB,ENSG00000170315_iso1,0.018039432,0.053819413,0.286238489,NMD_affected;ORF_shortening;Domain_loss
ENSG00000077721,UBE2A,ENSG00000077721_iso1,0.039429131,0.06841856,0.418290769,Domain_gain;NMD_affected;ORF_shortening
ENSG00000175063,UBE2C,ENSG00000175063_iso1,0.043131297,0.004260137,0.354976061,signal_peptide_affected;Domain_gain
ENSG00000131508,UBE2D2,ENSG00000131508_iso1,0.032825914,0.003137236,0.665187988,ORF_shortening;Domain_loss
ENSG00000109332,UBE2D3,ENSG00000109332_iso1,0.008748661,0.098529961,0.2662464,Domain_loss;ORF_lengthening;ORF_shortening
ENSG00000185651,UBE2L3,ENSG00000185651_iso1,0.020133151,0.042407025,0.667322312,Domain_gain;ORF_shortening;transmembrane_affected
ENSG00000244687,UBE2V1,ENSG00000244687_iso1,0.020185718,0.038544939,0.483510514,signal_peptide_affected;ORF_lengthening
ENSG00000169139,UBE2V2,ENSG00000169139_iso1,0.015165455,0.029065986,0.539497498,Domain_loss
ENSG00000198258,UBL5,ENSG00000198258_iso1,0.006375494,0.088513227,0.434636514,signal_peptide_affected
ENSG00000162191,UBXN1,ENSG00000162191_iso1,0.025028814,0.039413944,0.205519802,signal_peptide_affected
ENSG00000154277,UCHL1,ENSG00000154277_iso1,0.025174202,0.054883604,0.615221733,ORF_shortening;transmembrane_affected;NMD_affected
ENSG00000118939,UCHL3,ENSG00000118939_iso1,0.03080369,0.093366633,0.52784394,ORF_shortening;transmembrane_affected;NMD_affected
ENSG00000143222,UFC1,ENSG00000143222_iso1,0.008777958,0.024895336,0.296778249,signal_peptide_affected;ORF_shortening
ENSG00000070010,UFD1,ENSG00000070010_iso1,0.018385824,0.014889979,0.679112322,Domain_gain
ENSG00000136731,UGGT1,ENSG00000136731_iso1,0.022286457,0.057726688,0.342367622,Domain_gain
ENSG00000137288,UQCC2,ENSG00000137288_iso1,0.038949822,0.056190746,0.353020852,ORF_lengthening
ENSG00000127540,UQCR11,ENSG00000127540_iso1,0.012137495,0.002421898,0.774277568,Domain_loss;NMD_affected;signal_peptide_affected
ENSG00000156467,UQCRB,ENSG00000156467_iso1,0.011971941,0.071059105,0.525305547,signal_peptide_affected;transmembrane_affected
ENSG00000173660,UQCRH,ENSG00000173660_iso1,0.015382441,0.057477134,0.758804066,signal_peptide_affected;Domain_gain;Domain_loss
ENSG00000164405,UQCRQ,ENSG00000164405_iso1,0.008139129,0.092716052,0.377596606,Domain_loss;Domain_gain
ENSG00000126088,UROD,ENSG00000126088_iso1,0.036787735,0.049596956,0.368181338,ORF_shortening
ENSG00000183520,UTP11,ENSG00000183520_iso1,0.00542558,0.065191202,0.40858314,NMD_affected;Domain_gain
ENSG00000126756,UXT,ENSG00000126756_iso1,0.047140603,0.054054051,0.637701154,transmembrane_affected
ENSG00000168899,VAMP5,ENSG00000168899_iso1,0.034554206,0.000349689,0.645454361,ORF_lengthening;ORF_shortening
ENSG00000165280,VCP,ENSG00000165280_iso1,7.55E-05,0.077152141,0.301331418,ORF_lengthening;ORF_shortening;signal_peptide_affected
ENSG00000165637,VDAC2,ENSG00000165637_iso1,0.008171919,0.093946735,0.705464096,Domain_loss;signal_peptide_affected;ORF_shortening
ENSG00000167397,VKORC1,ENSG00000167397_iso1,0.049863746,0.057334208,0.204916763,ORF_shortening
ENSG00000111237,VPS29,ENSG00000111237_iso1,0.045884048,0.09570751,0.496680476,Domain_loss
ENSG00000133316,WDR74,ENSG00000133316_iso1,0.024396467,0.0394214,0.472110075,Domain_loss;Domain_gain
ENSG00000018408,WWTR1,ENSG00000018408_iso1,0.031975448,0.025576951,0.541292543,ORF_lengthening;Domain_gain
ENSG00000241127,YAE1,ENSG00000241127_iso1,0.015102554,0.046658112,0.766670448,ORF_lengthening;Domain_gain;NMD_affected
ENSG00000166913,YWHAB,ENSG00000166913_iso1,0.014585536,0.09557507,0.261420051,signal_peptide_affected;NMD_affected;ORF_shortening
ENSG00000274474,YWHAE,ENSG00000274474_iso1,0.038600134,0.026736086,0.60616478,Domain_gain
ENSG00000108953,YWHAE,ENSG00000108953_iso1,0.015059702,0.007925952,0.294161901,signal_peptide_affected;NMD_affected
ENSG00000164924,YWHAZ,ENSG00000164924_iso1,0.01989802,0.086089571,0.230366516,Domain_loss;Domain_gain
ENSG00000176261,ZBTB8OS,ENSG00000176261_iso1,0.022010304,0.052728367,0.638206599,signal_peptide_affected;Domain_gain
ENSG00000139168,ZCRB1,ENSG00000139168_iso1,0.009417927,0.029448078,0.796849063,NMD_affected;Domain_loss
ENSG00000177410,ZFAS1,ENSG00000177410_iso1,0.036262802,0.065675382,0.235530841,Domain_loss
ENSG00000120963,ZNF706,ENSG00000120963_iso1,0.016716518,0.049962902,0.258292313,Domain_loss;ORF_lengthening;NMD_affected
ENSG00000273611,ZNHIT3,ENSG00000273611_iso1,0.031261942,0.037048641,0.298044973,Domain_gain
ENSG00000278574,ZNHIT3,ENSG00000278574_iso1,0.044568742,0.075183798,0.735406512,ORF_shortening
ENSG00000173465,ZNRD2,ENSG00000173465_iso1,0.024502278,0.000444974,0.72888042,Domain_loss;ORF_shortening
ENSG00000293320,,ENSG00000293320_iso1,0.046313641,0.047794864,0.333055325,Domain_gain
ENSG00000293319,,ENSG00000293319_iso1,0.020930535,0.03960929,0.753366939,NMD_affected
ENSG00000288663,,ENSG00000288663_iso1,0.023747887,0.080135703,0.285403545,Domain_loss;signal_peptide_affected
ENSG00000284969,,ENSG00000284969_iso1,0.023573971,0.010411405,0.680943638,signal_peptide_affected
ENSG00000289720,,ENSG00000289720_iso1,0.02551783,0.09845361,0.634781704,signal_peptide_affected;transmembrane_affected;NMD_affected
ENSG00000310796,,ENSG00000310796_iso1,0.01065845,0.096745018,0.226347424,ORF_shortening
ENSG00000285508,,ENSG00000285508_iso1,0.000487621,0.07631625,0.470975323,ORF_lengthening;transmembrane_affected
